id,source_file,question,type,answer,raw,option_A,option_B,option_C,option_D,option_E,option_F,option_G,option_H
1,学生手册答案.docx,1、[1分] 按学校规定，为逃避缴纳学费、住宿费或者获得各项资助，提供虚假信息的，给予（ ）以上处分。,单选,A,"1、[1分]
按学校规定，为逃避缴纳学费、住宿费或者获得各项资助，提供虚假信息的，给予（ ）以上处分。
A. 记过
B. 开除学籍
C. 留校察看
D. 警告
正确答案：A",A. 记过,B. 开除学籍,C. 留校察看,D. 警告 正确答案：A,,,,
2,学生手册答案.docx,2、[1分] 按学校规定，以盗窃、骗取、勒索、冒领等手段非法占有国家、本校或者他人财物的，所涉及价值（ ）元以上的，给予留校察看以上处分。,单选,A,"2、[1分]
按学校规定，以盗窃、骗取、勒索、冒领等手段非法占有国家、本校或者他人财物的，所涉及价值（ ）元以上的，给予留校察看以上处分。
A. 1000
B. 5000
C. 2000
D. 500
正确答案：A",A. 1000,B. 5000,C. 2000,D. 500 正确答案：A,,,,
3,学生手册答案.docx,3、[1分] 按学校规定，在学生宿舍私拉电线或安装大功率用电设备，经批评教育不改的，给予（ ）以上处分。,单选,D,"3、[1分]
按学校规定，在学生宿舍私拉电线或安装大功率用电设备，经批评教育不改的，给予（ ）以上处分。
A. 严重警告
B. 留校察看
C. 记过
D. 警告
正确答案：D",A. 严重警告,B. 留校察看,C. 记过,D. 警告 正确答案：D,,,,
4,学生手册答案.docx,4、[1分] 按学校规定，代替他人或由他人代替参加考试的，考试正式开始前，能主动离开考场的，替考者可免予处分，被替考者给予（ ）处分。,单选,D,"4、[1分]
按学校规定，代替他人或由他人代替参加考试的，考试正式开始前，能主动离开考场的，替考者可免予处分，被替考者给予（ ）处分。
A. 严重警告
B. 留校察看
C. 记过
D. 警告
正确答案：D",A. 严重警告,B. 留校察看,C. 记过,D. 警告 正确答案：D,,,,
5,学生手册答案.docx,5、[1分] 按学校规定，可以从轻处分的情况有（ ）①在被学校有关部门或有关国家机关调查问话或者未掌握其违法违纪行为之前，能够主动如实坦白其违法违纪事实，主动退还赃物，或积极赔偿损失，并有悔改表现者；②违纪行为尚在准备阶段或者虽然进入实施阶段但主动放弃且未造成危害结果的，但法律法规、规章、校纪校规另有规定的除外；③受他人威胁或者欺骗的。,单选,B,"5、[1分]
按学校规定，可以从轻处分的情况有（ ）①在被学校有关部门或有关国家机关调查问话或者未掌握其违法违纪行为之前，能够主动如实坦白其违法违纪事实，主动退还赃物，或积极赔偿损失，并有悔改表现者；②违纪行为尚在准备阶段或者虽然进入实施阶段但主动放弃且未造成危害结果的，但法律法规、规章、校纪校规另有规定的除外；③受他人威胁或者欺骗的。
A. ①③
B. ①②③
C. ②③
D. ①②
正确答案：B",A. ①③,B. ①②③,C. ②③,D. ①② 正确答案：B,,,,
6,学生手册答案.docx,6、[1分] 按学校规定，交卷后有意在考场内逗留，并向他人泄露试题答案的，给予（ ）处分。,单选,A,"6、[1分]
按学校规定，交卷后有意在考场内逗留，并向他人泄露试题答案的，给予（ ）处分。
A. 严重警告
B. 留校察看
C. 记过
D. 警告
正确答案：A",A. 严重警告,B. 留校察看,C. 记过,D. 警告 正确答案：A,,,,
7,学生手册答案.docx,7、[1分] 按学校规定，为赌博提供条件或者参与赌博的，视情节轻重给予（ ）以上处分。,单选,A,"7、[1分]
按学校规定，为赌博提供条件或者参与赌博的，视情节轻重给予（ ）以上处分。
A. 记过
B. 开除学籍
C. 留校察看
D. 严重警告
正确答案：A",A. 记过,B. 开除学籍,C. 留校察看,D. 严重警告 正确答案：A,,,,
8,学生手册答案.docx,8、[1分] 按学校规定，在考试过程中旁窥、交头接耳、互打暗号或者手势的，给予（ ）处分。,单选,A,"8、[1分]
按学校规定，在考试过程中旁窥、交头接耳、互打暗号或者手势的，给予（ ）处分。
A. 严重警告
B. 留校察看
C. 记过
D. 警告
正确答案：A",A. 严重警告,B. 留校察看,C. 记过,D. 警告 正确答案：A,,,,
9,学生手册答案.docx,9、[1分] 按学校规定，学生对学校学生申诉处理委员复查决定有异议的，在接到学校复查决定书之日起（ ）内，可以向广东省教育行政部门提出书面申诉。,单选,C,"9、[1分]
按学校规定，学生对学校学生申诉处理委员复查决定有异议的，在接到学校复查决定书之日起（ ）内，可以向广东省教育行政部门提出书面申诉。
A. 10日
B. 30日
C. 15日
D. 一周
正确答案：C",A. 10日,B. 30日,C. 15日,D. 一周 正确答案：C,,,,
10,学生手册答案.docx,10、[1分] 按学校规定，学生因退学没有修完教学计划规定的课程，但在校学习（ ）或以上，发给肄业证书；否则仅发给学习成绩证明。,单选,A,"10、[1分]
按学校规定，学生因退学没有修完教学计划规定的课程，但在校学习（ ）或以上，发给肄业证书；否则仅发给学习成绩证明。
A. 一年
B. 6个月
C. 两年
D. 一学期
正确答案：A",A. 一年,B. 6个月,C. 两年,D. 一学期 正确答案：A,,,,
11,学生手册答案.docx,11、[1分] 按学校规定，一学期内无故旷课累计学时达到30—39学时者，给予（ ）处分。,单选,A,"11、[1分]
按学校规定，一学期内无故旷课累计学时达到30—39学时者，给予（ ）处分。
A. 严重警告
B. 留校察看
C. 记过
D. 警告
正确答案：A",A. 严重警告,B. 留校察看,C. 记过,D. 警告 正确答案：A,,,,
12,学生手册答案.docx,12、[1分] 按学校规定，违反校园交通管理规定，造成不良影响，经批评教育无效的，给予（ ）以上、（ ）以下处分。,单选,B,"12、[1分]
按学校规定，违反校园交通管理规定，造成不良影响，经批评教育无效的，给予（ ）以上、（ ）以下处分。
A. 警告；记过
B. 警告；留校察看
C. 记过；留校察看
D. 警告；严重警告
正确答案：B",A. 警告；记过,B. 警告；留校察看,C. 记过；留校察看,D. 警告；严重警告 正确答案：B,,,,
13,学生手册答案.docx,13、[1分] 按学校规定，被开除学籍的学生在离校时由学校发给（ ）。,单选,D,"13、[1分]
按学校规定，被开除学籍的学生在离校时由学校发给（ ）。
A. 结业证书
B. 结业证书和学位证书
C. 毕业证书
D. 学习证明
正确答案：D",A. 结业证书,B. 结业证书和学位证书,C. 毕业证书,D. 学习证明 正确答案：D,,,,
14,学生手册答案.docx,14、[1分] 按学校规定，在考场内外大声喧哗、不服从监考人员管理的，或未经监考人员同意，在考试过程中擅自离开考场的，给予（ ）处分。,单选,D,"14、[1分]
按学校规定，在考场内外大声喧哗、不服从监考人员管理的，或未经监考人员同意，在考试过程中擅自离开考场的，给予（ ）处分。
A. 严重警告
B. 留校察看
C. 记过
D. 警告
正确答案：D",A. 严重警告,B. 留校察看,C. 记过,D. 警告 正确答案：D,,,,
15,学生手册答案.docx,15、[1分] 按学校有关实施办法规定，家庭经济困难学生认定工作每学年进行一次，有效期为（ ）。,单选,A,"15、[1分]
按学校有关实施办法规定，家庭经济困难学生认定工作每学年进行一次，有效期为（ ）。
A. 一学年
B. 四学年
C. 两学年
D. 一学期
正确答案：A",A. 一学年,B. 四学年,C. 两学年,D. 一学期 正确答案：A,,,,
16,学生手册答案.docx,16、[1分] 按学校规定，携带易燃、易爆、化学危险性物品进入校园或在校园内存放上述物品这，给予（ ）或（ ）处分；造成事故者，给予（ ）以上处分。,单选,C,"16、[1分]
按学校规定，携带易燃、易爆、化学危险性物品进入校园或在校园内存放上述物品这，给予（ ）或（ ）处分；造成事故者，给予（ ）以上处分。
A. 警告；记过；留校察看
B. 记过；留校察看；开除学籍
C. 严重警告；记过；留校察看
D. 警告；严重警告；记过
正确答案：C",A. 警告；记过；留校察看,B. 记过；留校察看；开除学籍,C. 严重警告；记过；留校察看,D. 警告；严重警告；记过 正确答案：C,,,,
17,学生手册答案.docx,17、[1分] 按学校规定，在闭卷考试中，携带、使用手机或者其他具有存储、发送、接收等功能的电子设备参加考试的，进入考场且在考试开始前未按要求放在指定位置的，给予（ ）处分。,单选,A,"17、[1分]
按学校规定，在闭卷考试中，携带、使用手机或者其他具有存储、发送、接收等功能的电子设备参加考试的，进入考场且在考试开始前未按要求放在指定位置的，给予（ ）处分。
A. 严重警告
B. 留校察看
C. 记过
D. 警告
正确答案：A",A. 严重警告,B. 留校察看,C. 记过,D. 警告 正确答案：A,,,,
18,学生手册答案.docx,18、[1分] 按学校规定，下列说法错误的是（ ）。,单选,B,"18、[1分]
按学校规定，下列说法错误的是（ ）。
A. 学校按照国家有关规定为家庭经济困难学生提供教育救助，完善学生资助体系，保证学生不因家庭经济困难而放弃学业。
B. 学生可以根据校际间协议跨校修读专业或课程，在他校修读的课程成绩（学分）均不予以承认。
C. 学生可以申请选修、免听、补考和免修、重修、降级、提前毕业。
D. 每学期开学时，学生应当按学校有关规定办理注册手续。
正确答案：B",A. 学校按照国家有关规定为家庭经济困难学生提供教育救助，完善学生资助体系，保证学生不因家庭经济困难而放弃学业。,B. 学生可以根据校际间协议跨校修读专业或课程，在他校修读的课程成绩（学分）均不予以承认。,C. 学生可以申请选修、免听、补考和免修、重修、降级、提前毕业。,D. 每学期开学时，学生应当按学校有关规定办理注册手续。 正确答案：B,,,,
19,学生手册答案.docx,19、[1分] 按学校规定，私自更改或者以其他不正当手段获得多门课程考试成绩的，给予（ ）处分。,单选,C,"19、[1分]
按学校规定，私自更改或者以其他不正当手段获得多门课程考试成绩的，给予（ ）处分。
A. 记过
B. 留校察看
C. 开除学籍
D. 严重警告
正确答案：C",A. 记过,B. 留校察看,C. 开除学籍,D. 严重警告 正确答案：C,,,,
20,学生手册答案.docx,20、[1分] 按学校规定，未经批准，任何人不准在学生宿舍区内经商、贩卖、推销、张贴广告、派发传单、悬挂标语横幅等，不听劝阻和拒不清除的，给予（ ）以上处份。,单选,D,"20、[1分]
按学校规定，未经批准，任何人不准在学生宿舍区内经商、贩卖、推销、张贴广告、派发传单、悬挂标语横幅等，不听劝阻和拒不清除的，给予（ ）以上处份。
A. 严重警告
B. 留校察看
C. 记过
D. 警告
正确答案：D",A. 严重警告,B. 留校察看,C. 记过,D. 警告 正确答案：D,,,,
21,学生手册答案.docx,21、[1分] 按学校规定，盗窃公章、机密文件、档案等物品的，给予（ ）以上处分。,单选,B,"21、[1分]
按学校规定，盗窃公章、机密文件、档案等物品的，给予（ ）以上处分。
A. 严重警告
B. 留校察看
C. 记过
D. 警告
正确答案：B",A. 严重警告,B. 留校察看,C. 记过,D. 警告 正确答案：B,,,,
22,学生手册答案.docx,22、[1分] 按学校规定，留校察看期间，再次考试违纪的，给予（ ）处分。,单选,B,"22、[1分]
按学校规定，留校察看期间，再次考试违纪的，给予（ ）处分。
A. 记过
B. 开除学籍
C. 留校察看
D. 严重警告
正确答案：B",A. 记过,B. 开除学籍,C. 留校察看,D. 严重警告 正确答案：B,,,,
23,学生手册答案.docx,23、[1分] 按学校规定，利用计算机信息网络进行赌博、诈骗、教唆犯罪的，给予（ ）以上处分。,单选,C,"23、[1分]
按学校规定，利用计算机信息网络进行赌博、诈骗、教唆犯罪的，给予（ ）以上处分。
A. 严重警告
B. 留校察看
C. 记过
D. 警告
正确答案：C",A. 严重警告,B. 留校察看,C. 记过,D. 警告 正确答案：C,,,,
24,学生手册答案.docx,24、[1分] 按学校规定，被开除学籍的学生，应当在学校处分决定书或者维持原决定的申诉处理决定书送达后（ ）内办理离校手续。,单选,C,"24、[1分]
按学校规定，被开除学籍的学生，应当在学校处分决定书或者维持原决定的申诉处理决定书送达后（ ）内办理离校手续。
A. 7日
B. 1个月
C. 15日
D. 3日
正确答案：C",A. 7日,B. 1个月,C. 15日,D. 3日 正确答案：C,,,,
25,学生手册答案.docx,25、[1分] 广东工业大学在（ ）年被确定为广东高水平大学重点建设高校。,单选,A,"25、[1分]
广东工业大学在（ ）年被确定为广东高水平大学重点建设高校。
A. 2015
B. 2017
C. 2016
D. 2014
正确答案：A",A. 2015,B. 2017,C. 2016,D. 2014 正确答案：A,,,,
26,学生手册答案.docx,26、[1分] 按学校规定，开考信号发出前答题或者考试结束信号发出后继续答题的，给予（ ）处分。,单选,D,"26、[1分]
按学校规定，开考信号发出前答题或者考试结束信号发出后继续答题的，给予（ ）处分。
A. 严重警告
B. 留校察看
C. 记过
D. 警告
正确答案：D",A. 严重警告,B. 留校察看,C. 记过,D. 警告 正确答案：D,,,,
27,学生手册答案.docx,27、[1分] 按学校有关管理规定，勤工助学学生原则上每小时的报酬不低于（ ）元/人。,单选,D,"27、[1分]
按学校有关管理规定，勤工助学学生原则上每小时的报酬不低于（ ）元/人。
A. 12.5
B. 20.3
C. 16.5
D. 18.3
正确答案：D",A. 12.5,B. 20.3,C. 16.5,D. 18.3 正确答案：D,,,,
28,学生手册答案.docx,28、[1分] 按学校规定，违纪学生对纪律处分有异议的，可在接到学校处分文件之日起（ ）日之内，向学校学生申诉处理委员会提出申诉，具体按《广东工业大学学生申诉处理办法》执行。,单选,C,"28、[1分]
按学校规定，违纪学生对纪律处分有异议的，可在接到学校处分文件之日起（ ）日之内，向学校学生申诉处理委员会提出申诉，具体按《广东工业大学学生申诉处理办法》执行。
A. 7
B. 14
C. 10
D. 5
正确答案：C",A. 7,B. 14,C. 10,D. 5 正确答案：C,,,,
29,学生手册答案.docx,29、[1分] 按学校规定，在校园内进行宗教活动，经批评教育无效的，视情节严重给予（ ）以上处分。,单选,D,"29、[1分]
按学校规定，在校园内进行宗教活动，经批评教育无效的，视情节严重给予（ ）以上处分。
A. 严重警告
B. 留校察看
C. 记过
D. 警告
正确答案：D",A. 严重警告,B. 留校察看,C. 记过,D. 警告 正确答案：D,,,,
30,学生手册答案.docx,30、[1分] 按学校规定，在闭卷考试中，携带、使用手机或者其他具有存储、发送、接收等功能的电子设备参加考试的，在考试过程中，使用上述电子设备的（处于开机状态），但未涉及考试内容，给予（ ）处分。,单选,C,"30、[1分]
按学校规定，在闭卷考试中，携带、使用手机或者其他具有存储、发送、接收等功能的电子设备参加考试的，在考试过程中，使用上述电子设备的（处于开机状态），但未涉及考试内容，给予（ ）处分。
A. 严重警告
B. 留校察看
C. 记过
D. 警告
正确答案：C",A. 严重警告,B. 留校察看,C. 记过,D. 警告 正确答案：C,,,,
31,学生手册答案.docx,31、[1分] 按学校规定，在考试过程中二人在答卷上互写对方姓名的，给予（ ）处分。,单选,B,"31、[1分]
按学校规定，在考试过程中二人在答卷上互写对方姓名的，给予（ ）处分。
A. 严重警告
B. 留校察看
C. 记过
D. 警告
正确答案：B",A. 严重警告,B. 留校察看,C. 记过,D. 警告 正确答案：B,,,,
32,学生手册答案.docx,32、[1分] 按学校规定，违反实验操作规程，造成后果者，给予（ ）以上处分。,单选,A,"32、[1分]
按学校规定，违反实验操作规程，造成后果者，给予（ ）以上处分。
A. 严重警告
B. 留校察看
C. 记过
D. 警告
正确答案：A",A. 严重警告,B. 留校察看,C. 记过,D. 警告 正确答案：A,,,,
33,学生手册答案.docx,33、[1分] 按学校规定，私自更改或以其他不正当手段获得某一门课程考试成绩的，给予（ ）处分。,单选,B,"33、[1分]
按学校规定，私自更改或以其他不正当手段获得某一门课程考试成绩的，给予（ ）处分。
A. 严重警告
B. 留校察看
C. 记过
D. 警告
正确答案：B",A. 严重警告,B. 留校察看,C. 记过,D. 警告 正确答案：B,,,,
34,学生手册答案.docx,34、[1分] 按学校规定，在闭卷考试中，携带与考试内容相关材料的，给予（ ）处分。,单选,C,"34、[1分]
按学校规定，在闭卷考试中，携带与考试内容相关材料的，给予（ ）处分。
A. 严重警告
B. 留校察看
C. 记过
D. 警告
正确答案：C",A. 严重警告,B. 留校察看,C. 记过,D. 警告 正确答案：C,,,,
35,学生手册答案.docx,35、[1分] 按学校规定，转租、转借、骗取房间或床位的，给予（ ）以上处分。,单选,A,"35、[1分]
按学校规定，转租、转借、骗取房间或床位的，给予（ ）以上处分。
A. 严重警告
B. 留校察看
C. 记过
D. 警告
正确答案：A",A. 严重警告,B. 留校察看,C. 记过,D. 警告 正确答案：A,,,,
36,学生手册答案.docx,36、[1分] 按学校规定，擅自散发未经登记、审批的宣传品、印刷品，造成不良影响的，经批评教育无效的，给予（ ）处分；具有传播非法内容、人身攻击、造谣惑众等情节的，给予（ ）处分。,单选,D,"36、[1分]
按学校规定，擅自散发未经登记、审批的宣传品、印刷品，造成不良影响的，经批评教育无效的，给予（ ）处分；具有传播非法内容、人身攻击、造谣惑众等情节的，给予（ ）处分。
A. 警告或者严重警告；留校察看或者开除学籍
B. 严重警告或者记过；记过或者留校察看
C. 严重警告或者记过；留校察看或者开除学籍
D. 警告或者严重警告；记过或者留校察看
正确答案：D",A. 警告或者严重警告；留校察看或者开除学籍,B. 严重警告或者记过；记过或者留校察看,C. 严重警告或者记过；留校察看或者开除学籍,D. 警告或者严重警告；记过或者留校察看 正确答案：D,,,,
37,学生手册答案.docx,37、[1分] 按学校有关管理规定，勤工助学学生原则上每周到岗工作时间不超过（ ）小时。,单选,D,"37、[1分]
按学校有关管理规定，勤工助学学生原则上每周到岗工作时间不超过（ ）小时。
A. 10小时
B. 16小时
C. 12小时
D. 8小时
正确答案：D",A. 10小时,B. 16小时,C. 12小时,D. 8小时 正确答案：D,,,,
38,学生手册答案.docx,38、[1分] 按学校规定，抄袭或者协助他人抄袭试题答案或者与考试内容相关资料的，给予（ ）处分。,单选,C,"38、[1分]
按学校规定，抄袭或者协助他人抄袭试题答案或者与考试内容相关资料的，给予（ ）处分。
A. 严重警告
B. 留校察看
C. 记过
D. 警告
正确答案：C",A. 严重警告,B. 留校察看,C. 记过,D. 警告 正确答案：C,,,,
39,学生手册答案.docx,39、[1分] 按学校规定，凡被学院等有关部门、单位通报批评（ ）次仍不悔改者，给予警告处分。,单选,A,"39、[1分]
按学校规定，凡被学院等有关部门、单位通报批评（ ）次仍不悔改者，给予警告处分。
A. 2
B. 4
C. 3
D. 1
正确答案：A",A. 2,B. 4,C. 3,D. 1 正确答案：A,,,,
40,学生手册答案.docx,40、[1分] 按学校规定，以盗窃、骗取、勒索、冒领等手段非法占有国家、本校或者他人财物的，所涉及价值500元以上不足1000元的，给予（ ）处分。,单选,C,"40、[1分]
按学校规定，以盗窃、骗取、勒索、冒领等手段非法占有国家、本校或者他人财物的，所涉及价值500元以上不足1000元的，给予（ ）处分。
A. 严重警告
B. 留校察看
C. 记过
D. 警告
正确答案：C",A. 严重警告,B. 留校察看,C. 记过,D. 警告 正确答案：C,,,,
41,学生手册答案.docx,41、[1分] 按学校规定，违反宿舍管理规定，在宿舍区内养宠物等，影响宿舍环境，经批评教育不改的，给予（ ）以上处分。,单选,D,"41、[1分]
按学校规定，违反宿舍管理规定，在宿舍区内养宠物等，影响宿舍环境，经批评教育不改的，给予（ ）以上处分。
A. 记过
B. 开除学籍
C. 留校察看
D. 警告
正确答案：D",A. 记过,B. 开除学籍,C. 留校察看,D. 警告 正确答案：D,,,,
42,学生手册答案.docx,42、[1分] 按学校规定，学生对学校的处理或者处分决定有异议的，可以在接到学校处理或者处分决定书之日起（ ）内，向学校学生申诉处理委员会提出书面申诉。,单选,A,"42、[1分]
按学校规定，学生对学校的处理或者处分决定有异议的，可以在接到学校处理或者处分决定书之日起（ ）内，向学校学生申诉处理委员会提出书面申诉。
A. 10日
B. 30日
C. 15日
D. 一周
正确答案：A",A. 10日,B. 30日,C. 15日,D. 一周 正确答案：A,,,,
43,学生手册答案.docx,43、[1分] 按学校规定，考试过程中，有交换试卷、答案、草稿纸行为的，给予（ ）处分。,单选,,"43、[1分]
按学校规定，考试过程中，有交换试卷、答案、草稿纸行为的，给予（ ）处分。
A. 严重警告
B. 留校察看
C. 记过
D. 警告
正确答案：C",A. 严重警告,B. 留校察看,C. 记过,D. 警告 正确答案：C,,,,
44,学生手册答案.docx,44、[1分] 按学校规定，盗窃或以其他不正当手段获得多门课程考试试卷的，给予（ ）处分。,单选,C,"44、[1分]
按学校规定，盗窃或以其他不正当手段获得多门课程考试试卷的，给予（ ）处分。
A. 记过
B. 留校察看
C. 开除学籍
D. 严重警告
正确答案：C",A. 记过,B. 留校察看,C. 开除学籍,D. 严重警告 正确答案：C,,,,
45,学生手册答案.docx,45、[1分] 按学校规定，代替他人或由他人代替参加考试的，考试进行过程中，能主动终止其替考行为的，替考者给予（ ）处分、被替考者给予（ ）处分。,单选,C,"45、[1分]
按学校规定，代替他人或由他人代替参加考试的，考试进行过程中，能主动终止其替考行为的，替考者给予（ ）处分、被替考者给予（ ）处分。
A. 严重警告；记过
B. 留校察看；开除学籍
C. 记过；留校察看
D. 警告；严重警告
正确答案：C",A. 严重警告；记过,B. 留校察看；开除学籍,C. 记过；留校察看,D. 警告；严重警告 正确答案：C,,,,
46,学生手册答案.docx,46、[1分] 按学校规定，利用上厕所等机会在考场外查看与考试课程相关的资料、或与他人交谈有关考试内容的，给予（ ）处分。,单选,C,"46、[1分]
按学校规定，利用上厕所等机会在考场外查看与考试课程相关的资料、或与他人交谈有关考试内容的，给予（ ）处分。
A. 严重警告
B. 留校察看
C. 记过
D. 警告
正确答案：C",A. 严重警告,B. 留校察看,C. 记过,D. 警告 正确答案：C,,,,
47,学生手册答案.docx,47、[1分] 按学校规定，将个人身份证、学生证、校园卡及其他证件或证明给他人使用的，造成不良影响的，给予（ ）以上处分。,单选,A,"47、[1分]
按学校规定，将个人身份证、学生证、校园卡及其他证件或证明给他人使用的，造成不良影响的，给予（ ）以上处分。
A. 严重警告
B. 留校察看
C. 记过
D. 警告
正确答案：A",A. 严重警告,B. 留校察看,C. 记过,D. 警告 正确答案：A,,,,
48,学生手册答案.docx,48、[1分] 广东工业大学的校训是（ ）。,单选,D,"48、[1分]
广东工业大学的校训是（ ）。
A. 自强不息，厚德载物
B. 厚德博学，唯实求新
C. 求实、求真、求善、求美
D. 团结、勤奋、求是、创新
正确答案：D",A. 自强不息，厚德载物,B. 厚德博学，唯实求新,C. 求实、求真、求善、求美,D. 团结、勤奋、求是、创新 正确答案：D,,,,
49,学生手册答案.docx,49、[1分] 按学校规定，利用计算机信息网络泄露国家秘密，或泄露学校处于保密阶段的科研项目的有关资料、数据、图（照）片者，给予（ ）以上处分。,单选,C,"49、[1分]
按学校规定，利用计算机信息网络泄露国家秘密，或泄露学校处于保密阶段的科研项目的有关资料、数据、图（照）片者，给予（ ）以上处分。
A. 严重警告
B. 留校察看
C. 记过
D. 警告
正确答案：C",A. 严重警告,B. 留校察看,C. 记过,D. 警告 正确答案：C,,,,
50,学生手册答案.docx,50、[1分] 按学校规定，利用网络、自媒体等平台组织或者为违法违纪行为提供帮助者，视情节轻重，给予（ ）以上处分。,单选,D,"50、[1分]
按学校规定，利用网络、自媒体等平台组织或者为违法违纪行为提供帮助者，视情节轻重，给予（ ）以上处分。
A. 严重警告
B. 留校察看
C. 记过
D. 警告
正确答案：D",A. 严重警告,B. 留校察看,C. 记过,D. 警告 正确答案：D,,,,
51,学生手册答案.docx,51、[1分] 按学校规定，新生应征参加中国人民解放军（含中国人民武装警察部队），按国家有关规定保留入学资格至退役后（ ）年。,单选,A,"51、[1分]
按学校规定，新生应征参加中国人民解放军（含中国人民武装警察部队），按国家有关规定保留入学资格至退役后（ ）年。
A. 2
B. 4
C. 3
D. 1
正确答案：A",A. 2,B. 4,C. 3,D. 1 正确答案：A,,,,
52,学生手册答案.docx,52、[1分] 按学校规定，在试卷规定以外的地方书写姓名、考号或者以其他方式在答卷上标记信息的，给予（ ）处分。,单选,A,"52、[1分]
按学校规定，在试卷规定以外的地方书写姓名、考号或者以其他方式在答卷上标记信息的，给予（ ）处分。
A. 严重警告
B. 留校察看
C. 记过
D. 警告
正确答案：A",A. 严重警告,B. 留校察看,C. 记过,D. 警告 正确答案：A,,,,
53,学生手册答案.docx,53、[1分] 按学校规定，盗用他人证件或证明的，给予（ ）以上处分；给他人造成经济损失的，应依法予以赔偿。,单选,A,"53、[1分]
按学校规定，盗用他人证件或证明的，给予（ ）以上处分；给他人造成经济损失的，应依法予以赔偿。
A. 严重警告
B. 留校察看
C. 记过
D. 警告
正确答案：A",A. 严重警告,B. 留校察看,C. 记过,D. 警告 正确答案：A,,,,
54,学生手册答案.docx,54、[1分] 按学校规定，破解、仿冒或者伪造校园卡以及其他校内有价支付凭证的，视情节严重给予（ ）以上处分。,单选,C,"54、[1分]
按学校规定，破解、仿冒或者伪造校园卡以及其他校内有价支付凭证的，视情节严重给予（ ）以上处分。
A. 严重警告
B. 留校察看
C. 记过
D. 警告
正确答案：C",A. 严重警告,B. 留校察看,C. 记过,D. 警告 正确答案：C,,,,
55,学生手册答案.docx,55、[1分] 按学校规定，使用计算机程序等技术手段恶意选课，或者有其他扰乱教育教学管理秩序的行为，造成不良影响的，经批评教育无效的，给予（ ）处分。,单选,D,"55、[1分]
按学校规定，使用计算机程序等技术手段恶意选课，或者有其他扰乱教育教学管理秩序的行为，造成不良影响的，经批评教育无效的，给予（ ）处分。
A. 严重警告
B. 留校察看
C. 记过
D. 警告
正确答案：D",A. 严重警告,B. 留校察看,C. 记过,D. 警告 正确答案：D,,,,
56,学生手册答案.docx,56、[1分] 按学校规定，一学期内无故旷课累计（ ）学时以上，含（ ），给予开除学籍处分。,单选,B,"56、[1分]
按学校规定，一学期内无故旷课累计（ ）学时以上，含（ ），给予开除学籍处分。
A. 40
B. 60
C. 50
D. 30
正确答案：B",A. 40,B. 60,C. 50,D. 30 正确答案：B,,,,
57,学生手册答案.docx,57、[1分] 按学校规定，代替他人或由他人代替参加考试的，双方共同合谋，且伪造、变造身份证、准考证及其他证明材料实施替考，事后又不主动承认的，替考者和被替考者都给予（ ）处分。,单选,D,"57、[1分]
按学校规定，代替他人或由他人代替参加考试的，双方共同合谋，且伪造、变造身份证、准考证及其他证明材料实施替考，事后又不主动承认的，替考者和被替考者都给予（ ）处分。
A. 记过
B. 警告
C. 留校察看
D. 开除学籍
正确答案：D",A. 记过,B. 警告,C. 留校察看,D. 开除学籍 正确答案：D,,,,
58,学生手册答案.docx,58、[1分] 按学校规定，学生故意损坏公、私财物2000元以上的，给予（ ）以上处分。,单选,B,"58、[1分]
按学校规定，学生故意损坏公、私财物2000元以上的，给予（ ）以上处分。
A. 严重警告
B. 留校察看
C. 记过
D. 警告
正确答案：B",A. 严重警告,B. 留校察看,C. 记过,D. 警告 正确答案：B,,,,
59,学生手册答案.docx,59、[1分] 按学校规定，有酗酒行为，影响他人休息或造成其他不良影响者，给予（ ）以上处分。,单选,A,"59、[1分]
按学校规定，有酗酒行为，影响他人休息或造成其他不良影响者，给予（ ）以上处分。
A. 记过
B. 开除学籍
C. 留校察看
D. 严重警告
正确答案：A",A. 记过,B. 开除学籍,C. 留校察看,D. 严重警告 正确答案：A,,,,
60,学生手册答案.docx,60、[1分] 按学校规定，以纠缠、侮辱、要挟或者胁迫、贿赂等方式干预评卷老师成绩评定的，给予（ ）处分。,单选,B,"60、[1分]
按学校规定，以纠缠、侮辱、要挟或者胁迫、贿赂等方式干预评卷老师成绩评定的，给予（ ）处分。
A. 严重警告
B. 留校察看
C. 记过
D. 警告
正确答案：B",A. 严重警告,B. 留校察看,C. 记过,D. 警告 正确答案：B,,,,
61,学生手册答案.docx,61、[1分] 按学校规定，在毕业生就业、体格检查等活动过程中，违反诚信原则，造成不良后果的，给予（ ）以上处分。,单选,A,"61、[1分]
按学校规定，在毕业生就业、体格检查等活动过程中，违反诚信原则，造成不良后果的，给予（ ）以上处分。
A. 严重警告
B. 留校察看
C. 记过
D. 警告
正确答案：A",A. 严重警告,B. 留校察看,C. 记过,D. 警告 正确答案：A,,,,
62,学生手册答案.docx,62、[1分] 按学校规定，事先通谋，结伙作弊或者为作弊组织者提供试题信息、答案及相应设备等行为的，给予（ ）处分。,单选,C,"62、[1分]
按学校规定，事先通谋，结伙作弊或者为作弊组织者提供试题信息、答案及相应设备等行为的，给予（ ）处分。
A. 记过
B. 留校察看
C. 开除学籍
D. 严重警告
正确答案：C",A. 记过,B. 留校察看,C. 开除学籍,D. 严重警告 正确答案：C,,,,
63,学生手册答案.docx,63、[1分] 按学校规定，宿舍走廊、楼梯、平台等公共区域不得摆放鞋子、鞋柜等个人物品，屡劝不改者，给予（ ）以上处份。,单选,D,"63、[1分]
按学校规定，宿舍走廊、楼梯、平台等公共区域不得摆放鞋子、鞋柜等个人物品，屡劝不改者，给予（ ）以上处份。
A. 严重警告
B. 留校察看
C. 记过
D. 警告
正确答案：D",A. 严重警告,B. 留校察看,C. 记过,D. 警告 正确答案：D,,,,
64,学生手册答案.docx,64、[1分] 按学校规定，请假无故逾期不返校，不办理续假手续，超过（ ）者，按自动退学处理。,单选,A,"64、[1分]
按学校规定，请假无故逾期不返校，不办理续假手续，超过（ ）者，按自动退学处理。
A. 2周
B. 60天
C. 30天
D. 1周
正确答案：A",A. 2周,B. 60天,C. 30天,D. 1周 正确答案：A,,,,
65,学生手册答案.docx,65、[1分] 按学校规定，私自涂改、伪造证件、证明及学习成绩单或签字的，给予（ ）以上处分。,单选,C,"65、[1分]
按学校规定，私自涂改、伪造证件、证明及学习成绩单或签字的，给予（ ）以上处分。
A. 严重警告
B. 留校察看
C. 记过
D. 警告
正确答案：C",A. 严重警告,B. 留校察看,C. 记过,D. 警告 正确答案：C,,,,
66,学生手册答案.docx,66、[1分] 按学校规定，不携带或拒不按要求出示规定的有效证件参加考试的，给予（ ）处分。,单选,D,"66、[1分]
按学校规定，不携带或拒不按要求出示规定的有效证件参加考试的，给予（ ）处分。
A. 严重警告
B. 留校察看
C. 记过
D. 警告
正确答案：D",A. 严重警告,B. 留校察看,C. 记过,D. 警告 正确答案：D,,,,
67,学生手册答案.docx,67、[1分] 按学校规定，携带、收藏、吸食、注射毒品或国家明令禁止的精神类药物者，给予（ ）以上处分。,单选,C,"67、[1分]
按学校规定，携带、收藏、吸食、注射毒品或国家明令禁止的精神类药物者，给予（ ）以上处分。
A. 严重警告
B. 留校察看
C. 记过
D. 警告
正确答案：C",A. 严重警告,B. 留校察看,C. 记过,D. 警告 正确答案：C,,,,
68,学生手册答案.docx,68、[1分] 按学校规定，一学期内无故旷课累计学时达到20—29学时者，给予（ ）处分。,单选,D,"68、[1分]
按学校规定，一学期内无故旷课累计学时达到20—29学时者，给予（ ）处分。
A. 严重警告
B. 留校察看
C. 记过
D. 警告
正确答案：D",A. 严重警告,B. 留校察看,C. 记过,D. 警告 正确答案：D,,,,
69,学生手册答案.docx,69、[1分] 按学校有关实施办法规定，品德素质测评得分在（ ）分以上，含（ ）分才可以申请各类奖学金。,单选,C,"69、[1分]
按学校有关实施办法规定，品德素质测评得分在（ ）分以上，含（ ）分才可以申请各类奖学金。
A. 70
B. 90
C. 80
D. 60
正确答案：C",A. 70,B. 90,C. 80,D. 60 正确答案：C,,,,
70,学生手册答案.docx,70、[1分] 按学校规定，未经监考人员同意，互借文具的，给予（ ）处分。,单选,A,"70、[1分]
按学校规定，未经监考人员同意，互借文具的，给予（ ）处分。
A. 严重警告
B. 留校察看
C. 记过
D. 警告
正确答案：A",A. 严重警告,B. 留校察看,C. 记过,D. 警告 正确答案：A,,,,
71,学生手册答案.docx,71、[1分] 按学校规定，代替他人或由他人代替参加考试的，未主动承认其替考行为，但没有伪造、变造身份证、准考证及其他证明材料，替考者给予（ ）处分、被替考者给予（ ）处分。,单选,B,"71、[1分]
按学校规定，代替他人或由他人代替参加考试的，未主动承认其替考行为，但没有伪造、变造身份证、准考证及其他证明材料，替考者给予（ ）处分、被替考者给予（ ）处分。
A. 严重警告；记过
B. 留校察看；开除学籍
C. 记过；留校察看
D. 警告；严重警告
正确答案：B",A. 严重警告；记过,B. 留校察看；开除学籍,C. 记过；留校察看,D. 警告；严重警告 正确答案：B,,,,
72,学生手册答案.docx,72、[1分] 按学校规定，在留校察看期内获得校内外各类竞赛奖、或者获得校内外各类荣誉、或者报考硕士研究生且成绩达到国家划定录取分数线、或者有其他突出表现的，察看期满（ ）后，由本人提出申请，经学院提出建议，由原拟文部门作出处理意见，并经相关部门会签，可以提前终止留校察看处分。,单选,A,"72、[1分]
按学校规定，在留校察看期内获得校内外各类竞赛奖、或者获得校内外各类荣誉、或者报考硕士研究生且成绩达到国家划定录取分数线、或者有其他突出表现的，察看期满（ ）后，由本人提出申请，经学院提出建议，由原拟文部门作出处理意见，并经相关部门会签，可以提前终止留校察看处分。
A. 6个月
B. 2年
C. 1年
D. 3个月
正确答案：A",A. 6个月,B. 2年,C. 1年,D. 3个月 正确答案：A,,,,
73,学生手册答案.docx,73、[1分] 按学校规定，学校校庆日暨校友返校日为每年（ ）月第二个星期六。,单选,B,"73、[1分]
按学校规定，学校校庆日暨校友返校日为每年（ ）月第二个星期六。
A. 5
B. 11
C. 9
D. 3
正确答案：B",A. 5,B. 11,C. 9,D. 3 正确答案：B,,,,
74,学生手册答案.docx,74、[1分] 按学校规定，抢夺、窃取他人试卷、答卷或者强迫他人为自己抄袭提供方便的，给予（ ）处分。,单选,B,"74、[1分]
按学校规定，抢夺、窃取他人试卷、答卷或者强迫他人为自己抄袭提供方便的，给予（ ）处分。
A. 严重警告
B. 留校察看
C. 记过
D. 警告
正确答案：B",A. 严重警告,B. 留校察看,C. 记过,D. 警告 正确答案：B,,,,
75,学生手册答案.docx,75、[1分] 按学校规定，因考试违纪，给予（ ）以上处分的，同时取消该门课程当次考试成绩，该门课考试成绩以0分记。,单选,A,"75、[1分]
按学校规定，因考试违纪，给予（ ）以上处分的，同时取消该门课程当次考试成绩，该门课考试成绩以0分记。
A. 严重警告
B. 留校察看
C. 记过
D. 警告
正确答案：A",A. 严重警告,B. 留校察看,C. 记过,D. 警告 正确答案：A,,,,
76,学生手册答案.docx,76、[1分] 按学校规定，学生接到学校发出的退学或开除学籍的通知后，应在（ ）内办完离校手续，离开学校。,单选,D,"76、[1分]
按学校规定，学生接到学校发出的退学或开除学籍的通知后，应在（ ）内办完离校手续，离开学校。
A. 10日
B. 30日
C. 15日
D. 一周
正确答案：D",A. 10日,B. 30日,C. 15日,D. 一周 正确答案：D,,,,
77,学生手册答案.docx,77、[1分] 按学校规定，一学期内无故旷课累计学时达到40—49学时者，给予（ ）处分。,单选,C,"77、[1分]
按学校规定，一学期内无故旷课累计学时达到40—49学时者，给予（ ）处分。
A. 严重警告
B. 留校察看
C. 记过
D. 警告
正确答案：C",A. 严重警告,B. 留校察看,C. 记过,D. 警告 正确答案：C,,,,
78,学生手册答案.docx,78、[1分] 按学校规定，打架、斗殴或者故意伤害他人身体，造成严重后果的，给予（ ）或者（ ）处分。,单选,B,"78、[1分]
按学校规定，打架、斗殴或者故意伤害他人身体，造成严重后果的，给予（ ）或者（ ）处分。
A. 严重警告；记过
B. 留校察看；开除学籍
C. 记过；留校察看
D. 警告；严重警告
正确答案：B",A. 严重警告；记过,B. 留校察看；开除学籍,C. 记过；留校察看,D. 警告；严重警告 正确答案：B,,,,
79,学生手册答案.docx,79、[1分] 按学校规定，在学生宿舍留宿异性或在异性宿舍留宿的，给予（ ）以上处分。,单选,A,"79、[1分]
按学校规定，在学生宿舍留宿异性或在异性宿舍留宿的，给予（ ）以上处分。
A. 记过
B. 开除学籍
C. 留校察看
D. 严重警告
正确答案：A",A. 记过,B. 开除学籍,C. 留校察看,D. 严重警告 正确答案：A,,,,
80,学生手册答案.docx,80、[1分] 按学校规定，在参加各项学术科技竞赛、申报各类学术成果或获取相关资格、公开发表研究成果、撰写及提交评审学位论文等过程中，有剽窃、抄袭、篡改、伪造等学术不端行为的，一经查实，视情节及后果给予（ ）以上处分。,单选,C,"80、[1分]
按学校规定，在参加各项学术科技竞赛、申报各类学术成果或获取相关资格、公开发表研究成果、撰写及提交评审学位论文等过程中，有剽窃、抄袭、篡改、伪造等学术不端行为的，一经查实，视情节及后果给予（ ）以上处分。
A. 严重警告
B. 留校察看
C. 记过
D. 警告
正确答案：C",A. 严重警告,B. 留校察看,C. 记过,D. 警告 正确答案：C,,,,
81,学生手册答案.docx,81、[1分] 按学校规定，请假超过一学期总学时的（ ）或6周时间以上时，按休学处理。,单选,A,"81、[1分]
按学校规定，请假超过一学期总学时的（ ）或6周时间以上时，按休学处理。
A. 三分之一
B. 五分之一
C. 四分之一
D. 二分之一
正确答案：A",A. 三分之一,B. 五分之一,C. 四分之一,D. 二分之一 正确答案：A,,,,
82,学生手册答案.docx,82、[1分] 按学校规定，利用计算机信息网络制作、复制和传播下列信息者，给予留校察看以上纪律处分：①煽动抗拒、破坏宪法和法律实施的；②煽动颠覆国家政权，推翻社会主义制度的；③煽动分裂国家，破坏国家统一的；④煽动民族仇恨、民族歧视，破坏民族团结；⑤捏造或歪曲事实，散布谣言，扰乱社会秩序的；⑥虚构或者捏造事实损害国家机关信誉或者学校信誉的。,单选,B,"82、[1分]
按学校规定，利用计算机信息网络制作、复制和传播下列信息者，给予留校察看以上纪律处分：①煽动抗拒、破坏宪法和法律实施的；②煽动颠覆国家政权，推翻社会主义制度的；③煽动分裂国家，破坏国家统一的；④煽动民族仇恨、民族歧视，破坏民族团结；⑤捏造或歪曲事实，散布谣言，扰乱社会秩序的；⑥虚构或者捏造事实损害国家机关信誉或者学校信誉的。
A. ①②③④⑥
B. ①②③④⑤⑥
C. ①②③⑤⑥
D. ①③④⑤⑥
正确答案：B",A. ①②③④⑥,B. ①②③④⑤⑥,C. ①②③⑤⑥,D. ①③④⑤⑥ 正确答案：B,,,,
83,学生手册答案.docx,83、[1分] 按学校规定，出现以下哪些违纪情形的，应从重处分： ①在校期间曾受过处分，再次违纪的；②对调查人、检举人、证人、鉴定人、参与作出处分者或其他相关人员进行诬陷、诱惑、威胁、打击报复，伪造变造证据，指使、贿买他人作伪证或者以其他不正当手段干扰调查处理的；③勾结校外人员来校进行违法违纪活动者；④结伙或共同实施的违法违纪事件的组织者、策划者、为首者及主要参与者；⑤造成严重后果或者恶劣影响的。,单选,B,"83、[1分]
按学校规定，出现以下哪些违纪情形的，应从重处分：
①在校期间曾受过处分，再次违纪的；②对调查人、检举人、证人、鉴定人、参与作出处分者或其他相关人员进行诬陷、诱惑、威胁、打击报复，伪造变造证据，指使、贿买他人作伪证或者以其他不正当手段干扰调查处理的；③勾结校外人员来校进行违法违纪活动者；④结伙或共同实施的违法违纪事件的组织者、策划者、为首者及主要参与者；⑤造成严重后果或者恶劣影响的。
A. ①③④⑤
B. ①②③④⑤
C. ①②③⑤
D. ①②④⑤
正确答案：B",A. ①③④⑤,B. ①②③④⑤,C. ①②③⑤,D. ①②④⑤ 正确答案：B,,,,
84,学生手册答案.docx,84、[1分] 按学校规定，未经允许擅自将试卷、答卷（含答题卡、答题纸等）、草稿纸等考试用纸带出考场的，给予（ ）处分。,单选,A,"84、[1分]
按学校规定，未经允许擅自将试卷、答卷（含答题卡、答题纸等）、草稿纸等考试用纸带出考场的，给予（ ）处分。
A. 严重警告
B. 留校察看
C. 记过
D. 警告
正确答案：A",A. 严重警告,B. 留校察看,C. 记过,D. 警告 正确答案：A,,,,
85,学生手册答案.docx,85、[1分] 按学校规定，一学期内无故旷课累计学时达到50—59学时者，给予（ ）处分。,单选,B,"85、[1分]
按学校规定，一学期内无故旷课累计学时达到50—59学时者，给予（ ）处分。
A. 严重警告
B. 留校察看
C. 记过
D. 警告
正确答案：B",A. 严重警告,B. 留校察看,C. 记过,D. 警告 正确答案：B,,,,
86,学生手册答案.docx,86、[1分] 按学校规定，受纪律处分的学生不具备其违纪行为发生（ ）的各类评优及荣誉称号的参评资格。,单选,C,"86、[1分]
按学校规定，受纪律处分的学生不具备其违纪行为发生（ ）的各类评优及荣誉称号的参评资格。
A. 六个月内
B. 当学年度及下一学年度内
C. 当学年度内
D. 三个月内
正确答案：C
多选题(共计14分)",A. 六个月内,B. 当学年度及下一学年度内,C. 当学年度内,D. 三个月内 正确答案：C 多选题(共计14分),,,,
87,学生手册答案.docx,1、[1分] 按学校规定，学生不得申请免听下列哪些课程或教学环节：（）,多选,A|B|C|D,"1、[1分]
按学校规定，学生不得申请免听下列哪些课程或教学环节：（）
A. 实验课
B. 实习
C. 毕业设计（论文）
D. 课程设计
E. 思想政治理论课
正确答案：
A、
B、
C、
D、E",A. 实验课,A. ,B. 实习,B. ,C. 毕业设计（论文）,C. ,D. 课程设计 E. 思想政治理论课 正确答案：,D. E
88,学生手册答案.docx,2、[1分] 按学校规定，凡属下列哪些情形之一的本科毕业生不得授予学士学位：（）,多选,A|B|C|D,"2、[1分]
按学校规定，凡属下列哪些情形之一的本科毕业生不得授予学士学位：（）
A. 在校学习期间，因违法、违规、违纪受过留校察看及以上处分的本科生
B. 在校学习期间所修课程累计平均学分绩点低于1.6（有另行规定的除外）
C. 自入学之日起七年（特殊情况除外）内未达到学士学位授予条件者
D. 校学位评定委员会认为不符合学士学位授予条件者
E. 未按专业教学计划完成全部学业，未获得毕业证书者
F. 思想品德鉴定不及格者
正确答案：
A、
B、
C、
D、E、F",A. 在校学习期间，因违法、违规、违纪受过留校察看及以上处分的本科生,A. ,B. 在校学习期间所修课程累计平均学分绩点低于1.6（有另行规定的除外）,B. ,C. 自入学之日起七年（特殊情况除外）内未达到学士学位授予条件者,C. ,D. 校学位评定委员会认为不符合学士学位授予条件者 E. 未按专业教学计划完成全部学业，未获得毕业证书者 F. 思想品德鉴定不及格者 正确答案：,D. E、F
89,学生手册答案.docx,3、[1分] 按学校规定，学生在校期间未受到违纪处分，且符合下列哪些情况之一者，可申请转专业：（）,多选,A|B|C|D,"3、[1分]
按学校规定，学生在校期间未受到违纪处分，且符合下列哪些情况之一者，可申请转专业：（）
A. 申请时所修课程首次考试成绩全部合格，且平均学分绩点排名在本专业同年级的前15%者
B. 高考志愿填报服从专业调剂的学生
C. 经学校认可，学生确有某种特殊困难，不转专业无法继续学习者
D. 学生入学后发现某种疾病或生理缺陷，经学校指定的医疗单位检查证明，不能在原专业学习，但尚能在本校其它专业学习者
E. 经学校认可，学生确有专长且有与申请转专业相关的学习成果者
正确答案：
A、
B、
C、
D、E",A. 申请时所修课程首次考试成绩全部合格，且平均学分绩点排名在本专业同年级的前15%者,A. ,B. 高考志愿填报服从专业调剂的学生,B. ,C. 经学校认可，学生确有某种特殊困难，不转专业无法继续学习者,C. ,D. 学生入学后发现某种疾病或生理缺陷，经学校指定的医疗单位检查证明，不能在原专业学习，但尚能在本校其它专业学习者 E. 经学校认可，学生确有专长且有与申请转专业相关的学习成果者 正确答案：,D. E
90,学生手册答案.docx,4、[1分] 按学校规定，学生出现下列哪些情形之一，都应予退学处理：（）,多选,A|B|C|D,"4、[1分]
按学校规定，学生出现下列哪些情形之一，都应予退学处理：（）
A. 请假无故逾期不返校超过2周
B. 未请假离校连续2周未参加学校规定的教学活动的
C. 休学、保留学籍期满，在学校规定期限内未提出复学申请或者申请复学经复查不合格的
D. 开学超过2周未注册而又无正当事由且未履行暂缓注册手续的
E. 一学期内旷课累计60学时以上（按实际授课时间计）
正确答案：
A、
B、
C、
D、E",A. 请假无故逾期不返校超过2周,A. ,B. 未请假离校连续2周未参加学校规定的教学活动的,B. ,C. 休学、保留学籍期满，在学校规定期限内未提出复学申请或者申请复学经复查不合格的,C. ,D. 开学超过2周未注册而又无正当事由且未履行暂缓注册手续的 E. 一学期内旷课累计60学时以上（按实际授课时间计） 正确答案：,D. E
91,学生手册答案.docx,5、[1分] 按学校规定，下列说法正确的是（）,多选,A|B|C|D,"5、[1分]
按学校规定，下列说法正确的是（）
A. 对退学学生,学校发给肄业证书或者写实性学习证明
B. 学历证书和学位证书遗失或者损坏，经本人申请，学校核实后出具相应的证明书。证明书与原证书具有同等效力
C. 学生在获得主修专业毕业资格同时修读完辅修专业规定的课程，并取得相应学分，经审查合格的，发给辅修专业合格证书
D. 结业生在离校两年内可向学校申请重修或者补作毕业设计、论文、答辩，达到毕业要求的，可颁发毕业证书，毕业时间按发证日期填写
正确答案：
A、
B、
C、D","A. 对退学学生,学校发给肄业证书或者写实性学习证明",A. ,B. 学历证书和学位证书遗失或者损坏，经本人申请，学校核实后出具相应的证明书。证明书与原证书具有同等效力,B. ,C. 学生在获得主修专业毕业资格同时修读完辅修专业规定的课程，并取得相应学分，经审查合格的，发给辅修专业合格证书,C. D,D. 结业生在离校两年内可向学校申请重修或者补作毕业设计、论文、答辩，达到毕业要求的，可颁发毕业证书，毕业时间按发证日期填写 正确答案：,
92,学生手册答案.docx,6、[1分] 按学校规定，学生在校期间需依法履行的义务包括:（）,多选,A|B|C|D,"6、[1分]
按学校规定，学生在校期间需依法履行的义务包括:（）
A. 遵守学校章程和规章制度
B. 恪守学术道德，完成规定学业
C. 遵守学生行为规范，尊敬师长，养成良好的思想品德和行为习惯
D. 依法依规行使权利，按照合法的途径、程序和方式维护权益、表达诉求
E. 按规定缴纳学费及有关费用，履行获得贷学金及助学金的相应义务
F. 遵守宪法和法律、法规
正确答案：
A、
B、
C、
D、E、F",A. 遵守学校章程和规章制度,A. ,B. 恪守学术道德，完成规定学业,B. ,C. 遵守学生行为规范，尊敬师长，养成良好的思想品德和行为习惯,C. ,D. 依法依规行使权利，按照合法的途径、程序和方式维护权益、表达诉求 E. 按规定缴纳学费及有关费用，履行获得贷学金及助学金的相应义务 F. 遵守宪法和法律、法规 正确答案：,D. E、F
93,学生手册答案.docx,7、[1分] 按学校规定，下列说法正确的是（）,多选,A|B|C|D,"7、[1分]
按学校规定，下列说法正确的是（）
A. 课程考试可采用笔试、口试、实际操作等不同方式进行
B. 课程考核成绩（即总评成绩）的评定由课程结束时考试成绩和平时成绩组成
C. 缺交作业（包括习题或实验报告）的次数超过该课程作业总次数1/3者，不得参加该课程的考核
D. 除急病外，不得临考前或考试后申请缓考
E. 学生缺课累计超过某门课程教学时数1/3者，不得参加该课程的考核，应重修
F. 学生因身体健康原因或生理缺陷不能修读体育课者，经校医院证明，体育部同意，可转修保健课
正确答案：
A、
B、
C、
D、E、F",A. 课程考试可采用笔试、口试、实际操作等不同方式进行,A. ,B. 课程考核成绩（即总评成绩）的评定由课程结束时考试成绩和平时成绩组成,B. ,C. 缺交作业（包括习题或实验报告）的次数超过该课程作业总次数1/3者，不得参加该课程的考核,C. ,D. 除急病外，不得临考前或考试后申请缓考 E. 学生缺课累计超过某门课程教学时数1/3者，不得参加该课程的考核，应重修 F. 学生因身体健康原因或生理缺陷不能修读体育课者，经校医院证明，体育部同意，可转修保健课 正确答案：,D. E、F
94,学生手册答案.docx,8、[1分] 按学校学生宿舍管理规定，以下说法错误的是：（）,多选,A|B,"8、[1分]
按学校学生宿舍管理规定，以下说法错误的是：（）
A. 学生宿舍每天晚上的熄灯休息时间为00:00至次日早晨6:00（周五、周六除外）
B. 学生个人可以自行购买，并在宿舍内安装空调
C. 任何人不得在学生宿舍区经商、贩卖、推销、张贴广告、派发传单、悬挂标语横幅等
D. 不准在宿舍区内使用明火（包括燃气、燃油灶具等明火设备），不准在宿舍区内燃烧纸张等物品，严禁在宿舍区内燃放烟花、炮竹
E. 学生个人可以自行接入校园网以往的其他网络
F. 在读期间，学生可以住在学校统一安排的学生宿舍，也可以随意退宿或私自到校外住宿
正确答案：
A、
B、E、F",A. 学生宿舍每天晚上的熄灯休息时间为00:00至次日早晨6:00（周五、周六除外）,A. ,B. 学生个人可以自行购买，并在宿舍内安装空调,B. E、F,C. 任何人不得在学生宿舍区经商、贩卖、推销、张贴广告、派发传单、悬挂标语横幅等,D. 不准在宿舍区内使用明火（包括燃气、燃油灶具等明火设备），不准在宿舍区内燃烧纸张等物品，严禁在宿舍区内燃放烟花、炮竹 E. 学生个人可以自行接入校园网以往的其他网络 F. 在读期间，学生可以住在学校统一安排的学生宿舍，也可以随意退宿或私自到校外住宿 正确答案：,,
95,学生手册答案.docx,9、[1分] 按学校规定，对有违反法律法规、本规定以及学校纪律行为的学生，学校给予批评教育，并视情节轻重，给予相应的纪律处分，主要有：（）,多选,A|B|C|D,"9、[1分]
按学校规定，对有违反法律法规、本规定以及学校纪律行为的学生，学校给予批评教育，并视情节轻重，给予相应的纪律处分，主要有：（）
A. 严重警告
B. 记过
C. 开除学籍
D. 留校察看
E. 警告
正确答案：
A、
B、
C、
D、E",A. 严重警告,A. ,B. 记过,B. ,C. 开除学籍,C. ,D. 留校察看 E. 警告 正确答案：,D. E
96,学生手册答案.docx,10、[1分] 按学校规定，关于休学，下列说法正确的是（）,多选,A|B|C|D,"10、[1分]
按学校规定，关于休学，下列说法正确的是（）
A. 休学期间不得擅自回校跟班上课和参加考试，自行来校上课所取得的成绩一律无效
B. 休学期间，有严重违法乱纪行为者，取消复学资格
C. 因身体健康原因休学的学生，还须提供经学校指定的二级甲等以上医院恢复健康的诊断证明，经学校医院复查合格，方可申请复学
D. 学生休学一般以学年为单位
正确答案：
A、
B、
C、D",A. 休学期间不得擅自回校跟班上课和参加考试，自行来校上课所取得的成绩一律无效,A. ,B. 休学期间，有严重违法乱纪行为者，取消复学资格,B. ,C. 因身体健康原因休学的学生，还须提供经学校指定的二级甲等以上医院恢复健康的诊断证明，经学校医院复查合格，方可申请复学,C. D,D. 学生休学一般以学年为单位 正确答案：,
97,学生手册答案.docx,11、[1分] 按学校有关实施办法规定，学生综合素质测评成绩包括（）,多选,A|B|C|D,"11、[1分]
按学校有关实施办法规定，学生综合素质测评成绩包括（）
A. 学业成绩考核
B. 创新实践评价
C. 文体实践评价
D. 社会实践评价
E. 品德表现评价
正确答案：
A、
B、
C、
D、E",A. 学业成绩考核,A. ,B. 创新实践评价,B. ,C. 文体实践评价,C. ,D. 社会实践评价 E. 品德表现评价 正确答案：,D. E
98,学生手册答案.docx,12、[1分] 按学校学生宿舍管理规定，禁止学生以下哪些行为：（）,多选,A|B|C|D,"12、[1分]
按学校学生宿舍管理规定，禁止学生以下哪些行为：（）
A. 禁止在宿舍区内饲养宠物
B. 禁止在学生宿舍、宿舍走廊及宿舍生活公共场所酗酒，严禁在学生宿舍区打麻将、赌博及其他危害公共秩序的活动
C. 禁止在宿舍内存放和使用电热棒、电炉和电饭锅、电炒锅、电磁炉、电水壶等大功率电器
D. 严禁携带易燃、易爆、有毒、放射性、化学危险品等威胁人身生命安全物品、枪支、弹药、弩、匕首等管制器械及非法物品进入学生宿舍
E. 禁止在学生宿舍区内从事影响他人学习、休息的活动（如大声喧哗、打扑克、玩游戏等）
F. 禁止在学生宿舍擅自留宿外人，严禁在学生宿舍留宿异性或在异性宿舍留宿
正确答案：
A、
B、
C、
D、E、F",A. 禁止在宿舍区内饲养宠物,A. ,B. 禁止在学生宿舍、宿舍走廊及宿舍生活公共场所酗酒，严禁在学生宿舍区打麻将、赌博及其他危害公共秩序的活动,B. ,C. 禁止在宿舍内存放和使用电热棒、电炉和电饭锅、电炒锅、电磁炉、电水壶等大功率电器,C. ,D. 严禁携带易燃、易爆、有毒、放射性、化学危险品等威胁人身生命安全物品、枪支、弹药、弩、匕首等管制器械及非法物品进入学生宿舍 E. 禁止在学生宿舍区内从事影响他人学习、休息的活动（如大声喧哗、打扑克、玩游戏等） F. 禁止在学生宿舍擅自留宿外人，严禁在学生宿舍留宿异性或在异性宿舍留宿 正确答案：,D. E、F
99,学生手册答案.docx,13、[1分] 按学校规定，下列说法正确的是（）,多选,A|B|C|D,"13、[1分]
按学校规定，下列说法正确的是（）
A. 以特殊招生形式录取的学生，国家有相关规定或者录取前与学校有明确约定的，不得转专业
B. 退学学生，应当按学校规定期限办理退学手续离校
C. 学生休学期间，学校保留其学籍，但不享受在校学习学生待遇
D. 学生参加创新创业、社会实践等活动以及发表论文、获得专利授权等与专业学习、学业要求相关的经历、成果，可根据学校创新创业实践学分认定及课程免修的相关规定申请学分折算，计入学业成绩。
正确答案：
A、
B、
C、D",A. 以特殊招生形式录取的学生，国家有相关规定或者录取前与学校有明确约定的，不得转专业,A. ,B. 退学学生，应当按学校规定期限办理退学手续离校,B. ,C. 学生休学期间，学校保留其学籍，但不享受在校学习学生待遇,C. D,D. 学生参加创新创业、社会实践等活动以及发表论文、获得专利授权等与专业学习、学业要求相关的经历、成果，可根据学校创新创业实践学分认定及课程免修的相关规定申请学分折算，计入学业成绩。 正确答案：,
100,学生手册答案.docx,14、[1分] 按学校规定，有下列哪些情况之一者，不予转专业：（）,多选,A|B|C|D,"14、[1分]
按学校规定，有下列哪些情况之一者，不予转专业：（）
A. 在读四年级（五年制专业在读五年级）的学生
B. 正在休学或保留学籍的学生
C. 已有转专业经历者
D. 国家或学校在招生时明确规定不可转专业的
E. 学业预警或应予退学的学生
F. 入学未满一学期的学生
正确答案：
A、
B、
C、
D、E、F",A. 在读四年级（五年制专业在读五年级）的学生,A. ,B. 正在休学或保留学籍的学生,B. ,C. 已有转专业经历者,C. ,D. 国家或学校在招生时明确规定不可转专业的 E. 学业预警或应予退学的学生 F. 入学未满一学期的学生 正确答案：,D. E、F
101,学生手册答案.docx,1、[1分] 按学校规定，不携带或拒不按要求出示规定的有效证件参加考试的，给予（ ）处分。,单选,C,"1、[1分]
按学校规定，不携带或拒不按要求出示规定的有效证件参加考试的，给予（ ）处分。
A. 记过
B. 严重警告
C. 警告
D. 留校察看
正确答案：C",A. 记过,B. 严重警告,C. 警告,D. 留校察看 正确答案：C,,,,
102,学生手册答案.docx,2、[1分] 按学校规定，未经允许擅自将试卷、答卷（含答题卡、答题纸等）、草稿纸等考试用纸带出考场的，给予（ ）处分。,单选,B,"2、[1分]
按学校规定，未经允许擅自将试卷、答卷（含答题卡、答题纸等）、草稿纸等考试用纸带出考场的，给予（ ）处分。
A. 记过
B. 严重警告
C. 警告
D. 留校察看
正确答案：B",A. 记过,B. 严重警告,C. 警告,D. 留校察看 正确答案：B,,,,
103,学生手册答案.docx,3、[1分] 按学校规定，利用网络、自媒体等平台组织或者为违法违纪行为提供帮助者，视情节轻重，给予（ ）以上处分。,单选,C,"3、[1分]
按学校规定，利用网络、自媒体等平台组织或者为违法违纪行为提供帮助者，视情节轻重，给予（ ）以上处分。
A. 记过
B. 严重警告
C. 警告
D. 留校察看
正确答案：C",A. 记过,B. 严重警告,C. 警告,D. 留校察看 正确答案：C,,,,
104,学生手册答案.docx,4、[1分] 按学校规定，交卷后有意在考场内逗留，并向他人泄露试题答案的，给予（ ）处分。,单选,B,"4、[1分]
按学校规定，交卷后有意在考场内逗留，并向他人泄露试题答案的，给予（ ）处分。
A. 记过
B. 严重警告
C. 警告
D. 留校察看
正确答案：B",A. 记过,B. 严重警告,C. 警告,D. 留校察看 正确答案：B,,,,
105,学生手册答案.docx,5、[1分] 按学校规定，可以从轻处分的情况有（ ）①在被学校有关部门或有关国家机关调查问话或者未掌握其违法违纪行为之前，能够主动如实坦白其违法违纪事实，主动退还赃物，或积极赔偿损失，并有悔改表现者；②违纪行为尚在准备阶段或者虽然进入实施阶段但主动放弃且未造成危害结果的，但法律法规、规章、校纪校规另有规定的除外；③受他人威胁或者欺骗的。,单选,D,"5、[1分]
按学校规定，可以从轻处分的情况有（ ）①在被学校有关部门或有关国家机关调查问话或者未掌握其违法违纪行为之前，能够主动如实坦白其违法违纪事实，主动退还赃物，或积极赔偿损失，并有悔改表现者；②违纪行为尚在准备阶段或者虽然进入实施阶段但主动放弃且未造成危害结果的，但法律法规、规章、校纪校规另有规定的除外；③受他人威胁或者欺骗的。
A. ②③
B. ①③
C. ①②
D. ①②③
正确答案：D",A. ②③,B. ①③,C. ①②,D. ①②③ 正确答案：D,,,,
106,学生手册答案.docx,6、[1分] 按学校规定，为逃避缴纳学费、住宿费或者获得各项资助，提供虚假信息的，给予（ ）以上处分。,单选,B,"6、[1分]
按学校规定，为逃避缴纳学费、住宿费或者获得各项资助，提供虚假信息的，给予（ ）以上处分。
A. 留校察看
B. 记过
C. 警告
D. 开除学籍
正确答案：B",A. 留校察看,B. 记过,C. 警告,D. 开除学籍 正确答案：B,,,,
107,学生手册答案.docx,7、[1分] 按学校规定，宿舍走廊、楼梯、平台等公共区域不得摆放鞋子、鞋柜等个人物品，屡劝不改者，给予（ ）以上处份。,单选,C,"7、[1分]
按学校规定，宿舍走廊、楼梯、平台等公共区域不得摆放鞋子、鞋柜等个人物品，屡劝不改者，给予（ ）以上处份。
A. 记过
B. 严重警告
C. 警告
D. 留校察看
正确答案：C",A. 记过,B. 严重警告,C. 警告,D. 留校察看 正确答案：C,,,,
108,学生手册答案.docx,8、[1分] 按学校规定，在毕业生就业、体格检查等活动过程中，违反诚信原则，造成不良后果的，给予（ ）以上处分。,单选,B,"8、[1分]
按学校规定，在毕业生就业、体格检查等活动过程中，违反诚信原则，造成不良后果的，给予（ ）以上处分。
A. 记过
B. 严重警告
C. 警告
D. 留校察看
正确答案：B",A. 记过,B. 严重警告,C. 警告,D. 留校察看 正确答案：B,,,,
109,学生手册答案.docx,9、[1分] 按学校规定，参与非法传销或者进行邪教活动的，视情节严重给予（ ）以上处分。,单选,A,"9、[1分]
按学校规定，参与非法传销或者进行邪教活动的，视情节严重给予（ ）以上处分。
A. 记过
B. 严重警告
C. 警告
D. 留校察看
正确答案：A",A. 记过,B. 严重警告,C. 警告,D. 留校察看 正确答案：A,,,,
110,学生手册答案.docx,10、[1分] 广东工业大学在（ ）年被确定为广东高水平大学重点建设高校。,单选,B,"10、[1分]
广东工业大学在（ ）年被确定为广东高水平大学重点建设高校。
A. 2016
B. 2015
C. 2014
D. 2017
正确答案：B",A. 2016,B. 2015,C. 2014,D. 2017 正确答案：B,,,,
111,学生手册答案.docx,11、[1分] 按学校规定，未经监考人员同意，互借文具的，给予（ ）处分。,单选,B,"11、[1分]
按学校规定，未经监考人员同意，互借文具的，给予（ ）处分。
A. 记过
B. 严重警告
C. 警告
D. 留校察看
正确答案：B",A. 记过,B. 严重警告,C. 警告,D. 留校察看 正确答案：B,,,,
112,学生手册答案.docx,12、[1分] 按学校有关管理规定，勤工助学学生原则上每周到岗工作时间不超过（ ）小时。,单选,C,"12、[1分]
按学校有关管理规定，勤工助学学生原则上每周到岗工作时间不超过（ ）小时。
A. 12小时
B. 10小时
C. 8小时
D. 16小时
正确答案：C",A. 12小时,B. 10小时,C. 8小时,D. 16小时 正确答案：C,,,,
113,学生手册答案.docx,13、[1分] 按学校规定，盗用他人证件或证明的，给予（ ）以上处分；给他人造成经济损失的，应依法予以赔偿。,单选,B,"13、[1分]
按学校规定，盗用他人证件或证明的，给予（ ）以上处分；给他人造成经济损失的，应依法予以赔偿。
A. 记过
B. 严重警告
C. 警告
D. 留校察看
正确答案：B",A. 记过,B. 严重警告,C. 警告,D. 留校察看 正确答案：B,,,,
114,学生手册答案.docx,14、[1分] 按学校规定，抢夺、窃取他人试卷、答卷或者强迫他人为自己抄袭提供方便的，给予（ ）处分。,单选,D,"14、[1分]
按学校规定，抢夺、窃取他人试卷、答卷或者强迫他人为自己抄袭提供方便的，给予（ ）处分。
A. 记过
B. 严重警告
C. 警告
D. 留校察看
正确答案：D",A. 记过,B. 严重警告,C. 警告,D. 留校察看 正确答案：D,,,,
115,学生手册答案.docx,15、[1分] 按学校规定，学生对学校学生申诉处理委员复查决定有异议的，在接到学校复查决定书之日起（ ）内，可以向广东省教育行政部门提出书面申诉。,单选,A,"15、[1分]
按学校规定，学生对学校学生申诉处理委员复查决定有异议的，在接到学校复查决定书之日起（ ）内，可以向广东省教育行政部门提出书面申诉。
A. 15日
B. 10日
C. 一周
D. 30日
正确答案：A",A. 15日,B. 10日,C. 一周,D. 30日 正确答案：A,,,,
116,学生手册答案.docx,16、[1分] 按学校规定，为赌博提供条件或者参与赌博的，视情节轻重给予（ ）以上处分。,单选,B,"16、[1分]
按学校规定，为赌博提供条件或者参与赌博的，视情节轻重给予（ ）以上处分。
A. 留校察看
B. 记过
C. 严重警告
D. 开除学籍
正确答案：B",A. 留校察看,B. 记过,C. 严重警告,D. 开除学籍 正确答案：B,,,,
117,学生手册答案.docx,17、[1分] 按学校规定，请假超过一学期总学时的（ ）或6周时间以上时，按休学处理。,单选,B,"17、[1分]
按学校规定，请假超过一学期总学时的（ ）或6周时间以上时，按休学处理。
A. 四分之一
B. 三分之一
C. 二分之一
D. 五分之一
正确答案：B",A. 四分之一,B. 三分之一,C. 二分之一,D. 五分之一 正确答案：B,,,,
118,学生手册答案.docx,18、[1分] 按学校规定，一学期内无故旷课累计学时达到20—29学时者，给予（ ）处分。,单选,C,"18、[1分]
按学校规定，一学期内无故旷课累计学时达到20—29学时者，给予（ ）处分。
A. 记过
B. 严重警告
C. 警告
D. 留校察看
正确答案：C",A. 记过,B. 严重警告,C. 警告,D. 留校察看 正确答案：C,,,,
119,学生手册答案.docx,19、[1分] 按学校规定，向他人出售考试试题或答案牟取利益的，以及买卖试题答案等各类严重扰乱考试秩序行为的，给予（ ）处分。,单选,A,"19、[1分]
按学校规定，向他人出售考试试题或答案牟取利益的，以及买卖试题答案等各类严重扰乱考试秩序行为的，给予（ ）处分。
A. 开除学籍
B. 记过
C. 严重警告
D. 留校察看
正确答案：A",A. 开除学籍,B. 记过,C. 严重警告,D. 留校察看 正确答案：A,,,,
120,学生手册答案.docx,20、[1分] 按学校规定，在学生宿舍私拉电线或安装大功率用电设备，经批评教育不改的，给予（ ）以上处分。,单选,C,"20、[1分]
按学校规定，在学生宿舍私拉电线或安装大功率用电设备，经批评教育不改的，给予（ ）以上处分。
A. 记过
B. 严重警告
C. 警告
D. 留校察看
正确答案：C",A. 记过,B. 严重警告,C. 警告,D. 留校察看 正确答案：C,,,,
121,学生手册答案.docx,21、[1分] 按学校规定，一学期内无故旷课累计学时达到40—49学时者，给予（ ）处分。,单选,A,"21、[1分]
按学校规定，一学期内无故旷课累计学时达到40—49学时者，给予（ ）处分。
A. 记过
B. 严重警告
C. 警告
D. 留校察看
正确答案：A",A. 记过,B. 严重警告,C. 警告,D. 留校察看 正确答案：A,,,,
122,学生手册答案.docx,22、[1分] 按学校规定，违纪学生对纪律处分有异议的，可在接到学校处分文件之日起（ ）日之内，向学校学生申诉处理委员会提出申诉，具体按《广东工业大学学生申诉处理办法》执行。,单选,A,"22、[1分]
按学校规定，违纪学生对纪律处分有异议的，可在接到学校处分文件之日起（ ）日之内，向学校学生申诉处理委员会提出申诉，具体按《广东工业大学学生申诉处理办法》执行。
A. 10
B. 7
C. 5
D. 14
正确答案：A",A. 10,B. 7,C. 5,D. 14 正确答案：A,,,,
123,学生手册答案.docx,23、[1分] 按学校规定，携带规定以外的物品（如书包等）进入考场且在考试开始前未按要求放在指定位置的，给予（ ）处分。,单选,C,"23、[1分]
按学校规定，携带规定以外的物品（如书包等）进入考场且在考试开始前未按要求放在指定位置的，给予（ ）处分。
A. 记过
B. 严重警告
C. 警告
D. 留校察看
正确答案：C",A. 记过,B. 严重警告,C. 警告,D. 留校察看 正确答案：C,,,,
124,学生手册答案.docx,24、[1分] 按学校规定，在考试过程中旁窥、交头接耳、互打暗号或者手势的，给予（ ）处分。,单选,B,"24、[1分]
按学校规定，在考试过程中旁窥、交头接耳、互打暗号或者手势的，给予（ ）处分。
A. 记过
B. 严重警告
C. 警告
D. 留校察看
正确答案：B",A. 记过,B. 严重警告,C. 警告,D. 留校察看 正确答案：B,,,,
125,学生手册答案.docx,25、[1分] 按学校规定，受纪律处分的学生不具备其违纪行为发生（ ）的各类评优及荣誉称号的参评资格。,单选,A,"25、[1分]
按学校规定，受纪律处分的学生不具备其违纪行为发生（ ）的各类评优及荣誉称号的参评资格。
A. 当学年度内
B. 六个月内
C. 三个月内
D. 当学年度及下一学年度内
正确答案：A",A. 当学年度内,B. 六个月内,C. 三个月内,D. 当学年度及下一学年度内 正确答案：A,,,,
126,学生手册答案.docx,26、[1分] 按学校规定，在闭卷考试中，携带、使用手机或者其他具有存储、发送、接收等功能的电子设备参加考试的，在考试过程中，相互串通使用上述电子设备传递与考试内容相关信息的，给予（ ）处分。,单选,A,"26、[1分]
按学校规定，在闭卷考试中，携带、使用手机或者其他具有存储、发送、接收等功能的电子设备参加考试的，在考试过程中，相互串通使用上述电子设备传递与考试内容相关信息的，给予（ ）处分。
A. 开除学籍
B. 记过
C. 严重警告
D. 留校察看
正确答案：A",A. 开除学籍,B. 记过,C. 严重警告,D. 留校察看 正确答案：A,,,,
127,学生手册答案.docx,27、[1分] 按学校规定，盗窃公章、机密文件、档案等物品的，给予（ ）以上处分。,单选,D,"27、[1分]
按学校规定，盗窃公章、机密文件、档案等物品的，给予（ ）以上处分。
A. 记过
B. 严重警告
C. 警告
D. 留校察看
正确答案：D",A. 记过,B. 严重警告,C. 警告,D. 留校察看 正确答案：D,,,,
128,学生手册答案.docx,28、[1分] 按学校规定，在考场内外大声喧哗、不服从监考人员管理的，或未经监考人员同意，在考试过程中擅自离开考场的，给予（ ）处分。,单选,C,"28、[1分]
按学校规定，在考场内外大声喧哗、不服从监考人员管理的，或未经监考人员同意，在考试过程中擅自离开考场的，给予（ ）处分。
A. 记过
B. 严重警告
C. 警告
D. 留校察看
正确答案：C",A. 记过,B. 严重警告,C. 警告,D. 留校察看 正确答案：C,,,,
129,学生手册答案.docx,29、[1分] 按学校规定，擅自散发未经登记、审批的宣传品、印刷品，造成不良影响的，经批评教育无效的，给予（ ）处分；具有传播非法内容、人身攻击、造谣惑众等情节的，给予（ ）处分。,单选,C,"29、[1分]
按学校规定，擅自散发未经登记、审批的宣传品、印刷品，造成不良影响的，经批评教育无效的，给予（ ）处分；具有传播非法内容、人身攻击、造谣惑众等情节的，给予（ ）处分。
A. 严重警告或者记过；留校察看或者开除学籍
B. 警告或者严重警告；留校察看或者开除学籍
C. 警告或者严重警告；记过或者留校察看
D. 严重警告或者记过；记过或者留校察看
正确答案：C",A. 严重警告或者记过；留校察看或者开除学籍,B. 警告或者严重警告；留校察看或者开除学籍,C. 警告或者严重警告；记过或者留校察看,D. 严重警告或者记过；记过或者留校察看 正确答案：C,,,,
130,学生手册答案.docx,30、[1分] 按学校规定，携带、收藏、吸食、注射毒品或国家明令禁止的精神类药物者，给予（ ）以上处分。,单选,A,"30、[1分]
按学校规定，携带、收藏、吸食、注射毒品或国家明令禁止的精神类药物者，给予（ ）以上处分。
A. 记过
B. 严重警告
C. 警告
D. 留校察看
正确答案：A",A. 记过,B. 严重警告,C. 警告,D. 留校察看 正确答案：A,,,,
131,学生手册答案.docx,31、[1分] 按学校规定，学生请假学时超过1学期总学时的1/3或6周时间以上时，按（ ）处理。,单选,C,"31、[1分]
按学校规定，学生请假学时超过1学期总学时的1/3或6周时间以上时，按（ ）处理。
A. 降级
B. 退学
C. 休学
D. 开除学籍
正确答案：C",A. 降级,B. 退学,C. 休学,D. 开除学籍 正确答案：C,,,,
132,学生手册答案.docx,32、[1分] 按学校规定，代替他人或由他人代替参加考试的，考试进行过程中，能主动终止其替考行为的，替考者给予（ ）处分、被替考者给予（ ）处分。,单选,A,"32、[1分]
按学校规定，代替他人或由他人代替参加考试的，考试进行过程中，能主动终止其替考行为的，替考者给予（ ）处分、被替考者给予（ ）处分。
A. 记过；留校察看
B. 严重警告；记过
C. 警告；严重警告
D. 留校察看；开除学籍
正确答案：A",A. 记过；留校察看,B. 严重警告；记过,C. 警告；严重警告,D. 留校察看；开除学籍 正确答案：A,,,,
133,学生手册答案.docx,33、[1分] 按学校规定，将个人身份证、学生证、校园卡及其他证件或证明给他人使用的，造成不良影响的，给予（ ）以上处分。,单选,B,"33、[1分]
按学校规定，将个人身份证、学生证、校园卡及其他证件或证明给他人使用的，造成不良影响的，给予（ ）以上处分。
A. 记过
B. 严重警告
C. 警告
D. 留校察看
正确答案：B",A. 记过,B. 严重警告,C. 警告,D. 留校察看 正确答案：B,,,,
134,学生手册答案.docx,34、[1分] 按学校有关实施办法规定，家庭经济困难学生认定工作每学年进行一次，有效期为（ ）。,单选,B,"34、[1分]
按学校有关实施办法规定，家庭经济困难学生认定工作每学年进行一次，有效期为（ ）。
A. 两学年
B. 一学年
C. 一学期
D. 四学年
正确答案：B",A. 两学年,B. 一学年,C. 一学期,D. 四学年 正确答案：B,,,,
135,学生手册答案.docx,35、[1分] 按学校规定，在考试过程中二人在答卷上互写对方姓名的，给予（ ）处分。,单选,D,"35、[1分]
按学校规定，在考试过程中二人在答卷上互写对方姓名的，给予（ ）处分。
A. 记过
B. 严重警告
C. 警告
D. 留校察看
正确答案：D",A. 记过,B. 严重警告,C. 警告,D. 留校察看 正确答案：D,,,,
136,学生手册答案.docx,36、[1分] 按学校规定，因考试违纪，给予（ ）以上处分的，同时取消该门课程当次考试成绩，该门课考试成绩以0分记。,单选,B,"36、[1分]
按学校规定，因考试违纪，给予（ ）以上处分的，同时取消该门课程当次考试成绩，该门课考试成绩以0分记。
A. 记过
B. 严重警告
C. 警告
D. 留校察看
正确答案：B",A. 记过,B. 严重警告,C. 警告,D. 留校察看 正确答案：B,,,,
137,学生手册答案.docx,37、[1分] 按学校规定，被开除学籍的学生，应当在学校处分决定书或者维持原决定的申诉处理决定书送达后（ ）内办理离校手续。,单选,A,"37、[1分]
按学校规定，被开除学籍的学生，应当在学校处分决定书或者维持原决定的申诉处理决定书送达后（ ）内办理离校手续。
A. 15日
B. 7日
C. 3日
D. 1个月
正确答案：A",A. 15日,B. 7日,C. 3日,D. 1个月 正确答案：A,,,,
138,学生手册答案.docx,38、[1分] 按学校规定，代替他人或由他人代替参加考试的，双方共同合谋，且伪造、变造身份证、准考证及其他证明材料实施替考，事后又不主动承认的，替考者和被替考者都给予（ ）处分。,单选,C,"38、[1分]
按学校规定，代替他人或由他人代替参加考试的，双方共同合谋，且伪造、变造身份证、准考证及其他证明材料实施替考，事后又不主动承认的，替考者和被替考者都给予（ ）处分。
A. 留校察看
B. 记过
C. 开除学籍
D. 警告
正确答案：C",A. 留校察看,B. 记过,C. 开除学籍,D. 警告 正确答案：C,,,,
139,学生手册答案.docx,39、[1分] 按学校规定，一学期内无故旷课累计学时达到50—59学时者，给予（ ）处分。,单选,D,"39、[1分]
按学校规定，一学期内无故旷课累计学时达到50—59学时者，给予（ ）处分。
A. 记过
B. 严重警告
C. 警告
D. 留校察看
正确答案：D",A. 记过,B. 严重警告,C. 警告,D. 留校察看 正确答案：D,,,,
140,学生手册答案.docx,40、[1分] 按学校有关管理规定，勤工助学学生原则上每小时的报酬不低于（ ）元/人。,单选,C,"40、[1分]
按学校有关管理规定，勤工助学学生原则上每小时的报酬不低于（ ）元/人。
A. 16.5
B. 12.5
C. 18.3
D. 20.3
正确答案：C",A. 16.5,B. 12.5,C. 18.3,D. 20.3 正确答案：C,,,,
141,学生手册答案.docx,41、[1分] 按学校规定，盗窃或以其他不正当手段获得多门课程考试试卷的，给予（ ）处分。,单选,A,"41、[1分]
按学校规定，盗窃或以其他不正当手段获得多门课程考试试卷的，给予（ ）处分。
A. 开除学籍
B. 记过
C. 严重警告
D. 留校察看
正确答案：A",A. 开除学籍,B. 记过,C. 严重警告,D. 留校察看 正确答案：A,,,,
142,学生手册答案.docx,42、[1分] 按学校规定，在闭卷考试过程中，使用手机或者其他具有存储、发送、接收等功能的电子设备传递与考试内容相关信息的，给予（ ）处分。,单选,D,"42、[1分]
按学校规定，在闭卷考试过程中，使用手机或者其他具有存储、发送、接收等功能的电子设备传递与考试内容相关信息的，给予（ ）处分。
A. 留校察看
B. 记过
C. 严重警告
D. 开除学籍
正确答案：D",A. 留校察看,B. 记过,C. 严重警告,D. 开除学籍 正确答案：D,,,,
143,学生手册答案.docx,43、[1分] 按学校规定，有酗酒行为，影响他人休息或造成其他不良影响者，给予（ ）以上处分。,单选,B,"43、[1分]
按学校规定，有酗酒行为，影响他人休息或造成其他不良影响者，给予（ ）以上处分。
A. 留校察看
B. 记过
C. 严重警告
D. 开除学籍
正确答案：B",A. 留校察看,B. 记过,C. 严重警告,D. 开除学籍 正确答案：B,,,,
144,学生手册答案.docx,44、[1分] 按学校规定，在闭卷考试中，携带、使用手机或者其他具有存储、发送、接收等功能的电子设备参加考试的，进入考场且在考试开始前未按要求放在指定位置的，给予（ ）处分。,单选,B,"44、[1分]
按学校规定，在闭卷考试中，携带、使用手机或者其他具有存储、发送、接收等功能的电子设备参加考试的，进入考场且在考试开始前未按要求放在指定位置的，给予（ ）处分。
A. 记过
B. 严重警告
C. 警告
D. 留校察看
正确答案：B",A. 记过,B. 严重警告,C. 警告,D. 留校察看 正确答案：B,,,,
145,学生手册答案.docx,45、[1分] 按学校规定，学生接到学校发出的退学或开除学籍的通知后，应在（ ）内办完离校手续，离开学校。,单选,C,"45、[1分]
按学校规定，学生接到学校发出的退学或开除学籍的通知后，应在（ ）内办完离校手续，离开学校。
A. 15日
B. 10日
C. 一周
D. 30日
正确答案：C",A. 15日,B. 10日,C. 一周,D. 30日 正确答案：C,,,,
146,学生手册答案.docx,46、[1分] 按学校规定，利用计算机信息网络进行赌博、诈骗、教唆犯罪的，给予（ ）以上处分。,单选,A,"46、[1分]
按学校规定，利用计算机信息网络进行赌博、诈骗、教唆犯罪的，给予（ ）以上处分。
A. 记过
B. 严重警告
C. 警告
D. 留校察看
正确答案：A",A. 记过,B. 严重警告,C. 警告,D. 留校察看 正确答案：A,,,,
147,学生手册答案.docx,47、[1分] 按学校规定，利用计算机信息网络制作、复制和传播下列信息者，给予留校察看以上纪律处分：①煽动抗拒、破坏宪法和法律实施的；②煽动颠覆国家政权，推翻社会主义制度的；③煽动分裂国家，破坏国家统一的；④煽动民族仇恨、民族歧视，破坏民族团结；⑤捏造或歪曲事实，散布谣言，扰乱社会秩序的；⑥虚构或者捏造事实损害国家机关信誉或者学校信誉的。,单选,D,"47、[1分]
按学校规定，利用计算机信息网络制作、复制和传播下列信息者，给予留校察看以上纪律处分：①煽动抗拒、破坏宪法和法律实施的；②煽动颠覆国家政权，推翻社会主义制度的；③煽动分裂国家，破坏国家统一的；④煽动民族仇恨、民族歧视，破坏民族团结；⑤捏造或歪曲事实，散布谣言，扰乱社会秩序的；⑥虚构或者捏造事实损害国家机关信誉或者学校信誉的。
A. ①②③⑤⑥
B. ①②③④⑥
C. ①③④⑤⑥
D. ①②③④⑤⑥
正确答案：D",A. ①②③⑤⑥,B. ①②③④⑥,C. ①③④⑤⑥,D. ①②③④⑤⑥ 正确答案：D,,,,
148,学生手册答案.docx,48、[1分] 按学校规定，在闭卷考试中，携带、使用手机或者其他具有存储、发送、接收等功能的电子设备参加考试的，在考试过程中，使用上述电子设备的（处于开机状态），但未涉及考试内容，给予（ ）处分。,单选,A,"48、[1分]
按学校规定，在闭卷考试中，携带、使用手机或者其他具有存储、发送、接收等功能的电子设备参加考试的，在考试过程中，使用上述电子设备的（处于开机状态），但未涉及考试内容，给予（ ）处分。
A. 记过
B. 严重警告
C. 警告
D. 留校察看
正确答案：A",A. 记过,B. 严重警告,C. 警告,D. 留校察看 正确答案：A,,,,
149,学生手册答案.docx,49、[1分] 按学校规定，在留校察看期内获得校内外各类竞赛奖、或者获得校内外各类荣誉、或者报考硕士研究生且成绩达到国家划定录取分数线、或者有其他突出表现的，察看期满（ ）后，由本人提出申请，经学院提出建议，由原拟文部门作出处理意见，并经相关部门会签，可以提前终止留校察看处分。,单选,B,"49、[1分]
按学校规定，在留校察看期内获得校内外各类竞赛奖、或者获得校内外各类荣誉、或者报考硕士研究生且成绩达到国家划定录取分数线、或者有其他突出表现的，察看期满（ ）后，由本人提出申请，经学院提出建议，由原拟文部门作出处理意见，并经相关部门会签，可以提前终止留校察看处分。
A. 1年
B. 6个月
C. 3个月
D. 2年
正确答案：B",A. 1年,B. 6个月,C. 3个月,D. 2年 正确答案：B,,,,
150,学生手册答案.docx,50、[1分] 按学校规定，学生因退学没有修完教学计划规定的课程，但在校学习（ ）或以上，发给肄业证书；否则仅发给学习成绩证明。,单选,B,"50、[1分]
按学校规定，学生因退学没有修完教学计划规定的课程，但在校学习（ ）或以上，发给肄业证书；否则仅发给学习成绩证明。
A. 两年
B. 一年
C. 一学期
D. 6个月
正确答案：B",A. 两年,B. 一年,C. 一学期,D. 6个月 正确答案：B,,,,
151,学生手册答案.docx,51、[1分] 按学校规定，出现以下哪些违纪情形的，应从重处分： ①在校期间曾受过处分，再次违纪的；②对调查人、检举人、证人、鉴定人、参与作出处分者或其他相关人员进行诬陷、诱惑、威胁、打击报复，伪造变造证据，指使、贿买他人作伪证或者以其他不正当手段干扰调查处理的；③勾结校外人员来校进行违法违纪活动者；④结伙或共同实施的违法违纪事件的组织者、策划者、为首者及主要参与者；⑤造成严重后果或者恶劣影响的。,单选,D,"51、[1分]
按学校规定，出现以下哪些违纪情形的，应从重处分：
①在校期间曾受过处分，再次违纪的；②对调查人、检举人、证人、鉴定人、参与作出处分者或其他相关人员进行诬陷、诱惑、威胁、打击报复，伪造变造证据，指使、贿买他人作伪证或者以其他不正当手段干扰调查处理的；③勾结校外人员来校进行违法违纪活动者；④结伙或共同实施的违法违纪事件的组织者、策划者、为首者及主要参与者；⑤造成严重后果或者恶劣影响的。
A. ①②③⑤
B. ①③④⑤
C. ①②④⑤
D. ①②③④⑤
正确答案：D",A. ①②③⑤,B. ①③④⑤,C. ①②④⑤,D. ①②③④⑤ 正确答案：D,,,,
152,学生手册答案.docx,52、[1分] 按学校规定，学生对学校的处理或者处分决定有异议的，可以在接到学校处理或者处分决定书之日起（ ）内，向学校学生申诉处理委员会提出书面申诉。,单选,B,"52、[1分]
按学校规定，学生对学校的处理或者处分决定有异议的，可以在接到学校处理或者处分决定书之日起（ ）内，向学校学生申诉处理委员会提出书面申诉。
A. 15日
B. 10日
C. 一周
D. 30日
正确答案：B",A. 15日,B. 10日,C. 一周,D. 30日 正确答案：B,,,,
153,学生手册答案.docx,53、[1分] 按学校规定，违反实验操作规程，造成后果者，给予（ ）以上处分。,单选,B,"53、[1分]
按学校规定，违反实验操作规程，造成后果者，给予（ ）以上处分。
A. 记过
B. 严重警告
C. 警告
D. 留校察看
正确答案：B",A. 记过,B. 严重警告,C. 警告,D. 留校察看 正确答案：B,,,,
154,学生手册答案.docx,54、[1分] 按学校规定，私自更改或者以其他不正当手段获得多门课程考试成绩的，给予（ ）处分。,单选,A,"54、[1分]
按学校规定，私自更改或者以其他不正当手段获得多门课程考试成绩的，给予（ ）处分。
A. 开除学籍
B. 记过
C. 严重警告
D. 留校察看
正确答案：A",A. 开除学籍,B. 记过,C. 严重警告,D. 留校察看 正确答案：A,,,,
155,学生手册答案.docx,55、[1分] 按学校规定，被开除学籍的学生在离校时由学校发给（ ）。,单选,C,"55、[1分]
按学校规定，被开除学籍的学生在离校时由学校发给（ ）。
A. 毕业证书
B. 结业证书
C. 学习证明
D. 结业证书和学位证书
正确答案：C",A. 毕业证书,B. 结业证书,C. 学习证明,D. 结业证书和学位证书 正确答案：C,,,,
156,学生手册答案.docx,56、[1分] 按学校规定，违反宿舍管理规定，在宿舍区内养宠物等，影响宿舍环境，经批评教育不改的，给予（ ）以上处分。,单选,C,"56、[1分]
按学校规定，违反宿舍管理规定，在宿舍区内养宠物等，影响宿舍环境，经批评教育不改的，给予（ ）以上处分。
A. 留校察看
B. 记过
C. 警告
D. 开除学籍
正确答案：C",A. 留校察看,B. 记过,C. 警告,D. 开除学籍 正确答案：C,,,,
157,学生手册答案.docx,57、[1分] 按学校规定，新生应征参加中国人民解放军（含中国人民武装警察部队），按国家有关规定保留入学资格至退役后（ ）年。,单选,B,"57、[1分]
按学校规定，新生应征参加中国人民解放军（含中国人民武装警察部队），按国家有关规定保留入学资格至退役后（ ）年。
A. 3
B. 2
C. 1
D. 4
正确答案：B",A. 3,B. 2,C. 1,D. 4 正确答案：B,,,,
158,学生手册答案.docx,58、[1分] 按学校规定，以纠缠、侮辱、要挟或者胁迫、贿赂等方式干预评卷老师成绩评定的，给予（ ）处分。,单选,D,"58、[1分]
按学校规定，以纠缠、侮辱、要挟或者胁迫、贿赂等方式干预评卷老师成绩评定的，给予（ ）处分。
A. 记过
B. 严重警告
C. 警告
D. 留校察看
正确答案：D",A. 记过,B. 严重警告,C. 警告,D. 留校察看 正确答案：D,,,,
159,学生手册答案.docx,59、[1分] 按学校规定，在各项考评、干部竞选、综合测评中弄虚作假的，一经查实，给予（ ）以上处分。,单选,B,"59、[1分]
按学校规定，在各项考评、干部竞选、综合测评中弄虚作假的，一经查实，给予（ ）以上处分。
A. 记过
B. 严重警告
C. 警告
D. 留校察看
正确答案：B",A. 记过,B. 严重警告,C. 警告,D. 留校察看 正确答案：B,,,,
160,学生手册答案.docx,60、[1分] 按学校规定，代替他人或由他人代替参加考试的，考试正式开始前，能主动离开考场的，替考者可免予处分，被替考者给予（ ）处分。,单选,C,"60、[1分]
按学校规定，代替他人或由他人代替参加考试的，考试正式开始前，能主动离开考场的，替考者可免予处分，被替考者给予（ ）处分。
A. 记过
B. 严重警告
C. 警告
D. 留校察看
正确答案：C",A. 记过,B. 严重警告,C. 警告,D. 留校察看 正确答案：C,,,,
161,学生手册答案.docx,61、[1分] 按学校规定，事先通谋，结伙作弊或者为作弊组织者提供试题信息、答案及相应设备等行为的，给予（ ）处分。,单选,A,"61、[1分]
按学校规定，事先通谋，结伙作弊或者为作弊组织者提供试题信息、答案及相应设备等行为的，给予（ ）处分。
A. 开除学籍
B. 记过
C. 严重警告
D. 留校察看
正确答案：A",A. 开除学籍,B. 记过,C. 严重警告,D. 留校察看 正确答案：A,,,,
162,学生手册答案.docx,62、[1分] 按学校规定，在试卷规定以外的地方书写姓名、考号或者以其他方式在答卷上标记信息的，给予（ ）处分。,单选,B,"62、[1分]
按学校规定，在试卷规定以外的地方书写姓名、考号或者以其他方式在答卷上标记信息的，给予（ ）处分。
A. 记过
B. 严重警告
C. 警告
D. 留校察看
正确答案：B",A. 记过,B. 严重警告,C. 警告,D. 留校察看 正确答案：B,,,,
163,学生手册答案.docx,63、[1分] 按学校规定，凡被学院等有关部门、单位通报批评（ ）次仍不悔改者，给予警告处分。,单选,B,"63、[1分]
按学校规定，凡被学院等有关部门、单位通报批评（ ）次仍不悔改者，给予警告处分。
A. 3
B. 2
C. 1
D. 4
正确答案：B",A. 3,B. 2,C. 1,D. 4 正确答案：B,,,,
164,学生手册答案.docx,64、[1分] 按学校规定，私自更改或以其他不正当手段获得某一门课程考试成绩的，给予（ ）处分。,单选,D,"64、[1分]
按学校规定，私自更改或以其他不正当手段获得某一门课程考试成绩的，给予（ ）处分。
A. 记过
B. 严重警告
C. 警告
D. 留校察看
正确答案：D",A. 记过,B. 严重警告,C. 警告,D. 留校察看 正确答案：D,,,,
165,学生手册答案.docx,65、[1分] 按学校规定，在学生宿舍留宿异性或在异性宿舍留宿的，给予（ ）以上处分。,单选,B,"65、[1分]
按学校规定，在学生宿舍留宿异性或在异性宿舍留宿的，给予（ ）以上处分。
A. 留校察看
B. 记过
C. 严重警告
D. 开除学籍
正确答案：B",A. 留校察看,B. 记过,C. 严重警告,D. 开除学籍 正确答案：B,,,,
166,学生手册答案.docx,66、[1分] 按学校规定，以盗窃、骗取、勒索、冒领等手段非法占有国家、本校或者他人财物的，所涉及价值500元以上不足1000元的，给予（ ）处分。,单选,A,"66、[1分]
按学校规定，以盗窃、骗取、勒索、冒领等手段非法占有国家、本校或者他人财物的，所涉及价值500元以上不足1000元的，给予（ ）处分。
A. 记过
B. 严重警告
C. 警告
D. 留校察看
正确答案：A",A. 记过,B. 严重警告,C. 警告,D. 留校察看 正确答案：A,,,,
167,学生手册答案.docx,67、[1分] 按学校规定，以盗窃、骗取、勒索、冒领等手段非法占有国家、本校或者他人财物的，所涉及价值（ ）元以上的，给予留校察看以上处分。,单选,B,"67、[1分]
按学校规定，以盗窃、骗取、勒索、冒领等手段非法占有国家、本校或者他人财物的，所涉及价值（ ）元以上的，给予留校察看以上处分。
A. 2000
B. 1000
C. 500
D. 5000
正确答案：B",A. 2000,B. 1000,C. 500,D. 5000 正确答案：B,,,,
168,学生手册答案.docx,68、[1分] 按学校规定，学校校庆日暨校友返校日为每年（ ）月第二个星期六。,单选,D,"68、[1分]
按学校规定，学校校庆日暨校友返校日为每年（ ）月第二个星期六。
A. 9
B. 5
C. 3
D. 11
正确答案：D",A. 9,B. 5,C. 3,D. 11 正确答案：D,,,,
169,学生手册答案.docx,69、[1分] 按学校规定，下列说法错误的是（ ）。,单选,D,"69、[1分]
按学校规定，下列说法错误的是（ ）。
A. 学生可以申请选修、免听、补考和免修、重修、降级、提前毕业。
B. 学校按照国家有关规定为家庭经济困难学生提供教育救助，完善学生资助体系，保证学生不因家庭经济困难而放弃学业。
C. 每学期开学时，学生应当按学校有关规定办理注册手续。
D. 学生可以根据校际间协议跨校修读专业或课程，在他校修读的课程成绩（学分）均不予以承认。
正确答案：D",A. 学生可以申请选修、免听、补考和免修、重修、降级、提前毕业。,B. 学校按照国家有关规定为家庭经济困难学生提供教育救助，完善学生资助体系，保证学生不因家庭经济困难而放弃学业。,C. 每学期开学时，学生应当按学校有关规定办理注册手续。,D. 学生可以根据校际间协议跨校修读专业或课程，在他校修读的课程成绩（学分）均不予以承认。 正确答案：D,,,,
170,学生手册答案.docx,70、[1分] 按学校规定，携带易燃、易爆、化学危险性物品进入校园或在校园内存放上述物品这，给予（ ）或（ ）处分；造成事故者，给予（ ）以上处分。,单选,A,"70、[1分]
按学校规定，携带易燃、易爆、化学危险性物品进入校园或在校园内存放上述物品这，给予（ ）或（ ）处分；造成事故者，给予（ ）以上处分。
A. 严重警告；记过；留校察看
B. 警告；记过；留校察看
C. 警告；严重警告；记过
D. 记过；留校察看；开除学籍
正确答案：A",A. 严重警告；记过；留校察看,B. 警告；记过；留校察看,C. 警告；严重警告；记过,D. 记过；留校察看；开除学籍 正确答案：A,,,,
171,学生手册答案.docx,71、[1分] 按学校规定，利用计算机信息网络泄露国家秘密，或泄露学校处于保密阶段的科研项目的有关资料、数据、图（照）片者，给予（ ）以上处分。,单选,A,"71、[1分]
按学校规定，利用计算机信息网络泄露国家秘密，或泄露学校处于保密阶段的科研项目的有关资料、数据、图（照）片者，给予（ ）以上处分。
A. 记过
B. 严重警告
C. 警告
D. 留校察看
正确答案：A",A. 记过,B. 严重警告,C. 警告,D. 留校察看 正确答案：A,,,,
172,学生手册答案.docx,72、[1分] 按学校规定，未经批准，任何人不准在学生宿舍区内经商、贩卖、推销、张贴广告、派发传单、悬挂标语横幅等，不听劝阻和拒不清除的，给予（ ）以上处份。,单选,C,"72、[1分]
按学校规定，未经批准，任何人不准在学生宿舍区内经商、贩卖、推销、张贴广告、派发传单、悬挂标语横幅等，不听劝阻和拒不清除的，给予（ ）以上处份。
A. 记过
B. 严重警告
C. 警告
D. 留校察看
正确答案：C",A. 记过,B. 严重警告,C. 警告,D. 留校察看 正确答案：C,,,,
173,学生手册答案.docx,73、[1分] 按学校有关实施办法规定，品德素质测评得分在（ ）分以上，含（ ）分才可以申请各类奖学金。,单选,A,"73、[1分]
按学校有关实施办法规定，品德素质测评得分在（ ）分以上，含（ ）分才可以申请各类奖学金。
A. 80
B. 70
C. 60
D. 90
正确答案：A",A. 80,B. 70,C. 60,D. 90 正确答案：A,,,,
174,学生手册答案.docx,74、[1分] 按学校规定，请假无故逾期不返校，不办理续假手续，超过（ ）者，按自动退学处理。,单选,B,"74、[1分]
按学校规定，请假无故逾期不返校，不办理续假手续，超过（ ）者，按自动退学处理。
A. 30天
B. 2周
C. 1周
D. 60天
正确答案：B",A. 30天,B. 2周,C. 1周,D. 60天 正确答案：B,,,,
175,学生手册答案.docx,75、[1分] 按学校规定，留校察看期间，再次考试违纪的，给予（ ）处分。,单选,D,"75、[1分]
按学校规定，留校察看期间，再次考试违纪的，给予（ ）处分。
A. 留校察看
B. 记过
C. 严重警告
D. 开除学籍
正确答案：D",A. 留校察看,B. 记过,C. 严重警告,D. 开除学籍 正确答案：D,,,,
176,学生手册答案.docx,76、[1分] 广东工业大学的校训是（ ）。,单选,C,"76、[1分]
广东工业大学的校训是（ ）。
A. 求实、求真、求善、求美
B. 自强不息，厚德载物
C. 团结、勤奋、求是、创新
D. 厚德博学，唯实求新
正确答案：C",A. 求实、求真、求善、求美,B. 自强不息，厚德载物,C. 团结、勤奋、求是、创新,D. 厚德博学，唯实求新 正确答案：C,,,,
177,学生手册答案.docx,77、[1分] 按学校规定，抄袭或者协助他人抄袭试题答案或者与考试内容相关资料的，给予（ ）处分。,单选,A,"77、[1分]
按学校规定，抄袭或者协助他人抄袭试题答案或者与考试内容相关资料的，给予（ ）处分。
A. 记过
B. 严重警告
C. 警告
D. 留校察看
正确答案：A",A. 记过,B. 严重警告,C. 警告,D. 留校察看 正确答案：A,,,,
178,学生手册答案.docx,78、[1分] 按学校规定，打架、斗殴或者故意伤害他人身体，造成严重后果的，给予（ ）或者（ ）处分。,单选,D,"78、[1分]
按学校规定，打架、斗殴或者故意伤害他人身体，造成严重后果的，给予（ ）或者（ ）处分。
A. 记过；留校察看
B. 严重警告；记过
C. 警告；严重警告
D. 留校察看；开除学籍
正确答案：D",A. 记过；留校察看,B. 严重警告；记过,C. 警告；严重警告,D. 留校察看；开除学籍 正确答案：D,,,,
179,学生手册答案.docx,79、[1分] 按学校规定，开考信号发出前答题或者考试结束信号发出后继续答题的，给予（ ）处分。,单选,C,"79、[1分]
按学校规定，开考信号发出前答题或者考试结束信号发出后继续答题的，给予（ ）处分。
A. 记过
B. 严重警告
C. 警告
D. 留校察看
正确答案：C",A. 记过,B. 严重警告,C. 警告,D. 留校察看 正确答案：C,,,,
180,学生手册答案.docx,80、[1分] 按学校规定，在校园内进行宗教活动，经批评教育无效的，视情节严重给予（ ）以上处分。,单选,C,"80、[1分]
按学校规定，在校园内进行宗教活动，经批评教育无效的，视情节严重给予（ ）以上处分。
A. 记过
B. 严重警告
C. 警告
D. 留校察看
正确答案：C",A. 记过,B. 严重警告,C. 警告,D. 留校察看 正确答案：C,,,,
181,学生手册答案.docx,81、[1分] 按学校规定，破解、仿冒或者伪造校园卡以及其他校内有价支付凭证的，视情节严重给予（ ）以上处分。,单选,A,"81、[1分]
按学校规定，破解、仿冒或者伪造校园卡以及其他校内有价支付凭证的，视情节严重给予（ ）以上处分。
A. 记过
B. 严重警告
C. 警告
D. 留校察看
正确答案：A",A. 记过,B. 严重警告,C. 警告,D. 留校察看 正确答案：A,,,,
182,学生手册答案.docx,82、[1分] 按学校规定，考试过程中，有交换试卷、答案、草稿纸行为的，给予（ ）处分。,单选,,"82、[1分]
按学校规定，考试过程中，有交换试卷、答案、草稿纸行为的，给予（ ）处分。
A. 记过
B. 严重警告
C. 警告
D. 留校察看
正确答案：A",A. 记过,B. 严重警告,C. 警告,D. 留校察看 正确答案：A,,,,
183,学生手册答案.docx,83、[1分] 按学校规定，在闭卷考试中，携带、使用手机或者其他具有存储、发送、接收等功能的电子设备参加考试的，通过上述电子设备浏览、查询与考试相关内容的，或者发送与考试相关内容的，给予（ ）处分。,单选,D,"83、[1分]
按学校规定，在闭卷考试中，携带、使用手机或者其他具有存储、发送、接收等功能的电子设备参加考试的，通过上述电子设备浏览、查询与考试相关内容的，或者发送与考试相关内容的，给予（ ）处分。
A. 记过
B. 严重警告
C. 警告
D. 留校察看
正确答案：D",A. 记过,B. 严重警告,C. 警告,D. 留校察看 正确答案：D,,,,
184,学生手册答案.docx,84、[1分] 按学校规定，转租、转借、骗取房间或床位的，给予（ ）以上处分。,单选,B,"84、[1分]
按学校规定，转租、转借、骗取房间或床位的，给予（ ）以上处分。
A. 记过
B. 严重警告
C. 警告
D. 留校察看
正确答案：B",A. 记过,B. 严重警告,C. 警告,D. 留校察看 正确答案：B,,,,
185,学生手册答案.docx,85、[1分] 按学校规定，一学期内无故旷课累计学时达到30—39学时者，给予（ ）处分。,单选,B,"85、[1分]
按学校规定，一学期内无故旷课累计学时达到30—39学时者，给予（ ）处分。
A. 记过
B. 严重警告
C. 警告
D. 留校察看
正确答案：B",A. 记过,B. 严重警告,C. 警告,D. 留校察看 正确答案：B,,,,
186,学生手册答案.docx,86、[1分] 按学校规定，代替他人或由他人代替参加考试的，考试过程中未被发现，考试结束后能主动承认其替考行为的，主动承认者给予（ ）处分、被动承认者给予（ ）处分。,单选,A,"86、[1分]
按学校规定，代替他人或由他人代替参加考试的，考试过程中未被发现，考试结束后能主动承认其替考行为的，主动承认者给予（ ）处分、被动承认者给予（ ）处分。
A. 记过；留校察看
B. 严重警告；记过
C. 警告；严重警告
D. 留校察看；开除学籍
正确答案：A
多选题(共计14分)",A. 记过；留校察看,B. 严重警告；记过,C. 警告；严重警告,D. 留校察看；开除学籍 正确答案：A 多选题(共计14分),,,,
187,学生手册答案.docx,1、[1分] 按学校规定，凡属下列哪些情形之一的本科毕业生不得授予学士学位：（）,多选,A|B|C|D,"1、[1分]
按学校规定，凡属下列哪些情形之一的本科毕业生不得授予学士学位：（）
A. 未按专业教学计划完成全部学业，未获得毕业证书者
B. 在校学习期间，因违法、违规、违纪受过留校察看及以上处分的本科生
C. 自入学之日起七年（特殊情况除外）内未达到学士学位授予条件者
D. 在校学习期间所修课程累计平均学分绩点低于1.6（有另行规定的除外）
E. 思想品德鉴定不及格者
F. 校学位评定委员会认为不符合学士学位授予条件者
正确答案：
A、
B、
C、
D、E、F",A. 未按专业教学计划完成全部学业，未获得毕业证书者,A. ,B. 在校学习期间，因违法、违规、违纪受过留校察看及以上处分的本科生,B. ,C. 自入学之日起七年（特殊情况除外）内未达到学士学位授予条件者,C. ,D. 在校学习期间所修课程累计平均学分绩点低于1.6（有另行规定的除外） E. 思想品德鉴定不及格者 F. 校学位评定委员会认为不符合学士学位授予条件者 正确答案：,D. E、F
188,学生手册答案.docx,2、[1分] 按学校规定，学生不得申请免听下列哪些课程或教学环节：（）,多选,A|B|C|D,"2、[1分]
按学校规定，学生不得申请免听下列哪些课程或教学环节：（）
A. 实习
B. 课程设计
C. 实验课
D. 思想政治理论课
E. 毕业设计（论文）
正确答案：
A、
B、
C、
D、E",A. 实习,A. ,B. 课程设计,B. ,C. 实验课,C. ,D. 思想政治理论课 E. 毕业设计（论文） 正确答案：,D. E
189,学生手册答案.docx,3、[1分] 按学校规定，下列说法正确的是（）,多选,A|B|C|D,"3、[1分]
按学校规定，下列说法正确的是（）
A. 学生缺课累计超过某门课程教学时数1/3者，不得参加该课程的考核，应重修
B. 课程考试可采用笔试、口试、实际操作等不同方式进行
C. 缺交作业（包括习题或实验报告）的次数超过该课程作业总次数1/3者，不得参加该课程的考核
D. 课程考核成绩（即总评成绩）的评定由课程结束时考试成绩和平时成绩组成
E. 学生因身体健康原因或生理缺陷不能修读体育课者，经校医院证明，体育部同意，可转修保健课
F. 除急病外，不得临考前或考试后申请缓考
正确答案：
A、
B、
C、
D、E、F",A. 学生缺课累计超过某门课程教学时数1/3者，不得参加该课程的考核，应重修,A. ,B. 课程考试可采用笔试、口试、实际操作等不同方式进行,B. ,C. 缺交作业（包括习题或实验报告）的次数超过该课程作业总次数1/3者，不得参加该课程的考核,C. ,D. 课程考核成绩（即总评成绩）的评定由课程结束时考试成绩和平时成绩组成 E. 学生因身体健康原因或生理缺陷不能修读体育课者，经校医院证明，体育部同意，可转修保健课 F. 除急病外，不得临考前或考试后申请缓考 正确答案：,D. E、F
190,学生手册答案.docx,4、[1分] 按学校规定，学生出现下列哪些情形之一，都应予退学处理：（）,多选,A|B|C|D,"4、[1分]
按学校规定，学生出现下列哪些情形之一，都应予退学处理：（）
A. 未请假离校连续2周未参加学校规定的教学活动的
B. 开学超过2周未注册而又无正当事由且未履行暂缓注册手续的
C. 请假无故逾期不返校超过2周
D. 一学期内旷课累计60学时以上（按实际授课时间计）
E. 休学、保留学籍期满，在学校规定期限内未提出复学申请或者申请复学经复查不合格的
正确答案：
A、
B、
C、
D、E",A. 未请假离校连续2周未参加学校规定的教学活动的,A. ,B. 开学超过2周未注册而又无正当事由且未履行暂缓注册手续的,B. ,C. 请假无故逾期不返校超过2周,C. ,D. 一学期内旷课累计60学时以上（按实际授课时间计） E. 休学、保留学籍期满，在学校规定期限内未提出复学申请或者申请复学经复查不合格的 正确答案：,D. E
191,学生手册答案.docx,5、[1分] 按学校规定，下列说法正确的是（）,多选,A|B|C|D,"5、[1分]
按学校规定，下列说法正确的是（）
A. 学生在获得主修专业毕业资格同时修读完辅修专业规定的课程，并取得相应学分，经审查合格的，发给辅修专业合格证书
B. 对退学学生,学校发给肄业证书或者写实性学习证明
C. 结业生在离校两年内可向学校申请重修或者补作毕业设计、论文、答辩，达到毕业要求的，可颁发毕业证书，毕业时间按发证日期填写
D. 学历证书和学位证书遗失或者损坏，经本人申请，学校核实后出具相应的证明书。证明书与原证书具有同等效力
正确答案：
A、
B、
C、D",A. 学生在获得主修专业毕业资格同时修读完辅修专业规定的课程，并取得相应学分，经审查合格的，发给辅修专业合格证书,A. ,"B. 对退学学生,学校发给肄业证书或者写实性学习证明",B. ,C. 结业生在离校两年内可向学校申请重修或者补作毕业设计、论文、答辩，达到毕业要求的，可颁发毕业证书，毕业时间按发证日期填写,C. D,D. 学历证书和学位证书遗失或者损坏，经本人申请，学校核实后出具相应的证明书。证明书与原证书具有同等效力 正确答案：,
192,学生手册答案.docx,6、[1分] 按学校规定，学生在校期间未受到违纪处分，且符合下列哪些情况之一者，可申请转专业：（）,多选,A|B|C|D,"6、[1分]
按学校规定，学生在校期间未受到违纪处分，且符合下列哪些情况之一者，可申请转专业：（）
A. 高考志愿填报服从专业调剂的学生
B. 学生入学后发现某种疾病或生理缺陷，经学校指定的医疗单位检查证明，不能在原专业学习，但尚能在本校其它专业学习者
C. 申请时所修课程首次考试成绩全部合格，且平均学分绩点排名在本专业同年级的前15%者
D. 经学校认可，学生确有专长且有与申请转专业相关的学习成果者
E. 经学校认可，学生确有某种特殊困难，不转专业无法继续学习者
正确答案：
A、
B、
C、
D、E",A. 高考志愿填报服从专业调剂的学生,A. ,B. 学生入学后发现某种疾病或生理缺陷，经学校指定的医疗单位检查证明，不能在原专业学习，但尚能在本校其它专业学习者,B. ,C. 申请时所修课程首次考试成绩全部合格，且平均学分绩点排名在本专业同年级的前15%者,C. ,D. 经学校认可，学生确有专长且有与申请转专业相关的学习成果者 E. 经学校认可，学生确有某种特殊困难，不转专业无法继续学习者 正确答案：,D. E
193,学生手册答案.docx,7、[1分] 按学校规定，下列说法正确的是（）,多选,A|B|C|D,"7、[1分]
按学校规定，下列说法正确的是（）
A. 学生休学期间，学校保留其学籍，但不享受在校学习学生待遇
B. 以特殊招生形式录取的学生，国家有相关规定或者录取前与学校有明确约定的，不得转专业
C. 学生参加创新创业、社会实践等活动以及发表论文、获得专利授权等与专业学习、学业要求相关的经历、成果，可根据学校创新创业实践学分认定及课程免修的相关规定申请学分折算，计入学业成绩。
D. 退学学生，应当按学校规定期限办理退学手续离校
正确答案：
A、
B、
C、D",A. 学生休学期间，学校保留其学籍，但不享受在校学习学生待遇,A. ,B. 以特殊招生形式录取的学生，国家有相关规定或者录取前与学校有明确约定的，不得转专业,B. ,C. 学生参加创新创业、社会实践等活动以及发表论文、获得专利授权等与专业学习、学业要求相关的经历、成果，可根据学校创新创业实践学分认定及课程免修的相关规定申请学分折算，计入学业成绩。,C. D,D. 退学学生，应当按学校规定期限办理退学手续离校 正确答案：,
194,学生手册答案.docx,8、[1分] 按学校规定，对有违反法律法规、本规定以及学校纪律行为的学生，学校给予批评教育，并视情节轻重，给予相应的纪律处分，主要有：（）,多选,A|B|C|D,"8、[1分]
按学校规定，对有违反法律法规、本规定以及学校纪律行为的学生，学校给予批评教育，并视情节轻重，给予相应的纪律处分，主要有：（）
A. 记过
B. 留校察看
C. 严重警告
D. 警告
E. 开除学籍
正确答案：
A、
B、
C、
D、E",A. 记过,A. ,B. 留校察看,B. ,C. 严重警告,C. ,D. 警告 E. 开除学籍 正确答案：,D. E
195,学生手册答案.docx,9、[1分] 按学校规定，学生在校期间依法享有的权利包括：（）,多选,A|B|C|D,"9、[1分]
按学校规定，学生在校期间依法享有的权利包括：（）
A. 按国家和学校规定的标准和程序申请奖学金、助学金、助学贷款及其他形式的社会资助
B. 在资源许可的范围内，按一定程序选择专业、选修校内外课程，公平获得在国（境）内外深造学习和参加学术文化交流活动的机会
C. 在校内组织、参加学生团体，以适当方式参与学校管理，对学校与学生权益相关事务享有知情权、参与权、表达权和监督权
D. 参加社会实践、志愿服务、勤工助学、文娱体育及科技文化创新等活动，获得就业创业指导和服务
E. 参加学校教育教学计划安排的各项活动，使用学校提供的教育教学资源
F. 对学校给予的处理或处分有异议，向学校、教育行政部门提出申诉；对学校、教职员工侵犯其人身权、财产权等合法权益的行为，提出申诉或者依法提起诉讼
正确答案：
A、
B、
C、
D、E、F",A. 按国家和学校规定的标准和程序申请奖学金、助学金、助学贷款及其他形式的社会资助,A. ,B. 在资源许可的范围内，按一定程序选择专业、选修校内外课程，公平获得在国（境）内外深造学习和参加学术文化交流活动的机会,B. ,C. 在校内组织、参加学生团体，以适当方式参与学校管理，对学校与学生权益相关事务享有知情权、参与权、表达权和监督权,C. ,D. 参加社会实践、志愿服务、勤工助学、文娱体育及科技文化创新等活动，获得就业创业指导和服务 E. 参加学校教育教学计划安排的各项活动，使用学校提供的教育教学资源 F. 对学校给予的处理或处分有异议，向学校、教育行政部门提出申诉；对学校、教职员工侵犯其人身权、财产权等合法权益的行为，提出申诉或者依法提起诉讼 正确答案：,D. E、F
196,学生手册答案.docx,10、[1分] 按学校学生宿舍管理规定，禁止学生以下哪些行为：（）,多选,A|B|C|D,"10、[1分]
按学校学生宿舍管理规定，禁止学生以下哪些行为：（）
A. 禁止在学生宿舍区内从事影响他人学习、休息的活动（如大声喧哗、打扑克、玩游戏等）
B. 禁止在宿舍区内饲养宠物
C. 禁止在宿舍内存放和使用电热棒、电炉和电饭锅、电炒锅、电磁炉、电水壶等大功率电器
D. 禁止在学生宿舍、宿舍走廊及宿舍生活公共场所酗酒，严禁在学生宿舍区打麻将、赌博及其他危害公共秩序的活动
E. 禁止在学生宿舍擅自留宿外人，严禁在学生宿舍留宿异性或在异性宿舍留宿
F. 严禁携带易燃、易爆、有毒、放射性、化学危险品等威胁人身生命安全物品、枪支、弹药、弩、匕首等管制器械及非法物品进入学生宿舍
正确答案：
A、
B、
C、
D、E、F",A. 禁止在学生宿舍区内从事影响他人学习、休息的活动（如大声喧哗、打扑克、玩游戏等）,A. ,B. 禁止在宿舍区内饲养宠物,B. ,C. 禁止在宿舍内存放和使用电热棒、电炉和电饭锅、电炒锅、电磁炉、电水壶等大功率电器,C. ,D. 禁止在学生宿舍、宿舍走廊及宿舍生活公共场所酗酒，严禁在学生宿舍区打麻将、赌博及其他危害公共秩序的活动 E. 禁止在学生宿舍擅自留宿外人，严禁在学生宿舍留宿异性或在异性宿舍留宿 F. 严禁携带易燃、易爆、有毒、放射性、化学危险品等威胁人身生命安全物品、枪支、弹药、弩、匕首等管制器械及非法物品进入学生宿舍 正确答案：,D. E、F
197,学生手册答案.docx,11、[1分] 按学校规定，有下列哪些情况之一者，不予转专业：（）,多选,A|B|C|D,"11、[1分]
按学校规定，有下列哪些情况之一者，不予转专业：（）
A. 学业预警或应予退学的学生
B. 在读四年级（五年制专业在读五年级）的学生
C. 已有转专业经历者
D. 正在休学或保留学籍的学生
E. 入学未满一学期的学生
F. 国家或学校在招生时明确规定不可转专业的
正确答案：
A、
B、
C、
D、E、F",A. 学业预警或应予退学的学生,A. ,B. 在读四年级（五年制专业在读五年级）的学生,B. ,C. 已有转专业经历者,C. ,D. 正在休学或保留学籍的学生 E. 入学未满一学期的学生 F. 国家或学校在招生时明确规定不可转专业的 正确答案：,D. E、F
198,学生手册答案.docx,12、[1分] 按学校有关实施办法规定，学生综合素质测评成绩包括（）,多选,A|B|C|D,"12、[1分]
按学校有关实施办法规定，学生综合素质测评成绩包括（）
A. 创新实践评价
B. 社会实践评价
C. 学业成绩考核
D. 品德表现评价
E. 文体实践评价
正确答案：
A、
B、
C、
D、E",A. 创新实践评价,A. ,B. 社会实践评价,B. ,C. 学业成绩考核,C. ,D. 品德表现评价 E. 文体实践评价 正确答案：,D. E
199,学生手册答案.docx,13、[1分] 按学校规定，关于休学，下列说法正确的是（）,多选,A|B|C|D,"13、[1分]
按学校规定，关于休学，下列说法正确的是（）
A. 因身体健康原因休学的学生，还须提供经学校指定的二级甲等以上医院恢复健康的诊断证明，经学校医院复查合格，方可申请复学
B. 休学期间不得擅自回校跟班上课和参加考试，自行来校上课所取得的成绩一律无效
C. 学生休学一般以学年为单位
D. 休学期间，有严重违法乱纪行为者，取消复学资格
正确答案：
A、
B、
C、D",A. 因身体健康原因休学的学生，还须提供经学校指定的二级甲等以上医院恢复健康的诊断证明，经学校医院复查合格，方可申请复学,A. ,B. 休学期间不得擅自回校跟班上课和参加考试，自行来校上课所取得的成绩一律无效,B. ,C. 学生休学一般以学年为单位,C. D,D. 休学期间，有严重违法乱纪行为者，取消复学资格 正确答案：,
200,学生手册答案.docx,14、[1分] 按学校规定，学生在校期间需依法履行的义务包括:（）,多选,A|B|C|D,"14、[1分]
按学校规定，学生在校期间需依法履行的义务包括:（）
A. 按规定缴纳学费及有关费用，履行获得贷学金及助学金的相应义务
B. 遵守学校章程和规章制度
C. 遵守学生行为规范，尊敬师长，养成良好的思想品德和行为习惯
D. 恪守学术道德，完成规定学业
E. 遵守宪法和法律、法规
F. 依法依规行使权利，按照合法的途径、程序和方式维护权益、表达诉求
正确答案：
A、
B、
C、
D、E、F",A. 按规定缴纳学费及有关费用，履行获得贷学金及助学金的相应义务,A. ,B. 遵守学校章程和规章制度,B. ,C. 遵守学生行为规范，尊敬师长，养成良好的思想品德和行为习惯,C. ,D. 恪守学术道德，完成规定学业 E. 遵守宪法和法律、法规 F. 依法依规行使权利，按照合法的途径、程序和方式维护权益、表达诉求 正确答案：,D. E、F
